2012,1,,埃克森美孚/Exxon Mobil,美国,4335,411,3311,4074
2012,2,,摩根大通/JPMorgan Chase,美国,1108,190,22658,1701
2012,3,,通用电气/General Electric,美国,1473,142,7172,2137
2012,4,,皇家荷兰壳牌集团/Royal Dutch Shell,荷兰,4702,309,3405,2276
2012,5,,中国工商银行/ICBC,中国,826,251,20391,2374
2012,6,,汇丰控股/HSBC Holdings,英国,1020,162,25500,1643
2012,7,,中国石油/PetroChina,中国,3101,206,3047,2947
2012,8,,伯克希尔哈撒韦/Berkshire Hathaway,美国,1437,103,3926,2022
2012,9,,美国富国银行集团/Wells Fargo,美国,876,159,13139,1787
2012,10,,巴西国家石油公司/Petrobras-Petróleo Brasil,巴西,1459,201,3194,1800
2012,11,,英国石油/BP,英国,3755,257,2925,1474
2012,12,,雪佛龙/Chevron,美国,2363,269,2095,2180
2012,13,,中国建设银行/China Construction Bank,中国,687,205,16378,2019
2012,14,,花旗银行/Citigroup,美国,1026,111,18739,1075
2012,15,,俄罗斯天然气公司/Gazprom,俄罗斯,1176,317,3026,1598
2012,16,,沃尔玛/Wal-Mart Stores,美国,4470,157,1934,2084
2012,17,,大众集团/Volkswagen Group,德国,2219,215,3287,795
2012,18,,道达尔/Total,法国,2162,159,2130,1324
2012,19,,中国农业银行/Agricultural Bank of China,中国,624,144,15639,1548
2012,20,,法国巴黎银行/BNP Paribas,法国,1190,79,25391,615
2012,21,,中国银行/Bank of China,中国,608,158,15837,1291
2012,22,,苹果/Apple,美国,1278,330,1387,5460
2012,23,,桑坦德银行/Banco Santander,西班牙,1096,69,16247,756
2012,24,,中国石化/Sinopec-China Petroleum,中国,3914,116,1798,1042
2012,25,,丰田汽车/Toyota Motor,日本,2285,49,3583,1479
2012,26,,三星电子/Samsung Electronics,韩国,1424,115,1337,1620
2012,27,,康菲石油公司/ConocoPhillips,美国,2309,124,1532,988
2012,28,,沃达丰/Vodafone,英国,735,128,2392,1312
2012,29,,意大利埃尼集团/ENI,意大利,1432,89,1787,976
2012,30,,伊塔乌联合银行控股公司/Itaú Unibanco Holding,巴西,755,74,4264,912
2012,31,,中国移动/China Mobile,中国香港,817,195,1512,2165
2012,32,,国际商用机器公司/IBM,美国,1069,159,1164,2387
2012,33,,美国电报电话公司/AT&T,美国,1267,39,2703,1873
2012,34,,辉瑞制药/Pfizer,美国,674,100,1880,1654
2012,35,,宝洁/Procter & Gamble,美国,851,101,1343,1852
2012,36,,三菱日联金融集团/Mitsubishi UFJ Financial,日本,533,70,24788,745
2012,37,,戴姆勒公司/Daimler,德国,1380,73,1887,663
2012,38,,美国国际集团/American Intl Group,美国,642,178,5558,503
2012,39,,荷兰国际集团/ING Group,荷兰,1390,75,16530,358
2012,40,,雀巢/Nestlé,瑞士,892,101,1194,2054
2012,41,,挪威国家石油公司/Statoil,挪威,1116,131,1278,890
2012,42,,微软/Microsoft,美国,721,235,1122,2735
2012,43,,巴西布拉德斯科银行/Banco Bradesco,巴西,798,59,3971,653
2012,44,,福特汽车/Ford Motor,美国,1363,202,1783,475
2012,45,,安盛集团/AXA Group,法国,1328,56,9478,406
2012,45,,日本电报电话公司/Nippon Telegraph & Tel,日本,1240,61,2266,608
2012,47,,澳大利亚联邦银行/Commonwealth Bank,澳大利亚,495,69,7137,816
2012,47,,法国燃气苏伊士集团/GDF Suez,法国,1175,52,2752,583
2012,49,,必和必拓/BHP Billiton,澳大利亚,717,236,1029,1875
2012,50,,安联保险/Allianz,德国,1344,33,8328,563
2012,50,,西门子/Siemens,德国,984,82,1356,920
2012,52,,德意志银行/Deutsche Bank,德国,657,54,28094,473
2012,53,,巴克莱银行/Barclays,英国,663,47,24252,491
2012,54,,巴西银行/Banco do Brasil,巴西,724,65,5163,459
2012,55,,美国大都会人寿保险/MetLife,美国,703,70,7996,407
2012,56,,巴西淡水河谷/Vale,巴西,554,203,1276,1268
2012,57,,强生/Johnson & Johnson,美国,650,97,1136,1788
2012,57,,西班牙电信集团/Telefónica,西班牙,814,70,1599,756
2012,59,,本田汽车/Honda Motor,日本,1075,64,1377,708
2012,59,,西太平洋银行/Westpac Banking Group,澳大利亚,441,72,6517,675
2012,61,,宝马集团/BMW Group,德国,958,68,1600,612
2012,62,,诺华/Novartis,瑞士,586,91,1175,1504
2012,63,,通用汽车/General Motors,美国,1503,92,1446,400
2012,64,,三井住友金融集团/Sumitomo Mitsui Financial,日本,459,57,16549,478
2012,65,,中国人寿/China Life Insurance,中国,560,51,2141,765
2012,66,,威瑞森通信/Verizon Communications,美国,1109,24,2305,1122
2012,67,,惠普/Hewlett-Packard,美国,1250,59,1266,484
2012,68,,卢克石油/Lukoil,俄罗斯,1114,104,906,553
2012,69,,力拓/Rio Tinto,英国,605,58,1195,1102
2012,70,,加拿大皇家银行/Royal Bank of Canada,加拿大,359,47,8127,844
2012,71,,俄罗斯石油公司/Rosneft,俄罗斯,592,113,1060,796
2012,71,,瑞银集团/UBS,瑞士,437,45,15087,542
2012,73,,法国电力集团/EDF,法国,846,39,2975,457
2012,74,,巴斯夫/BASF,德国,952,80,787,822
2012,75,,意大利国家电力公司/ENEL,意大利,1032,54,2204,354
2012,76,,澳大利亚国民银行/National Australia Bank,澳大利亚,382,50,7304,563
2012,77,,高盛集团/Goldman Sachs Group,美国,368,44,9232,635
2012,78,,赛诺菲/Sanofi,法国,432,74,1253,1033
2012,79,,澳新银行/ANZ,澳大利亚,347,52,5772,626
2012,80,,美国默克/Merck & Co,美国,480,63,1051,1158
2012,81,,康卡斯特/Comcast,美国,558,42,1578,798
2012,82,,道明银行/TD Bank,加拿大,277,58,7715,761
2012,83,,美国银行/Bank of America,美国,1151,14,21290,1052
2012,83,,西班牙毕尔巴鄂比斯开银行/BBVA-Banco Bilbao Vizcaya,西班牙,467,39,7677,431
2012,85,,英特尔/Intel,美国,540,129,711,1385
2012,85,,日产汽车/Nissan Motor,日本,1055,38,1287,481
2012,87,,可口可乐/Coca-Cola,美国,465,86,800,1588
2012,88,,百事可乐/PepsiCo,美国,665,64,729,1013
2012,88,,沙特基础工业/Saudi Basic Industries,沙特,506,78,886,844
2012,90,,西伯利亚银行/Sberbank,俄罗斯,318,60,2824,740
2012,91,,思科系统/Cisco Systems,美国,448,70,893,1079
2012,92,,诺瓦斯考地亚银行/Bank of Nova Scotia,加拿大,273,53,6352,622
2012,93,,百威英博/Anheuser-Busch InBev,比利时,390,59,1124,1153
2012,94,,法国兴业银行/Société Générale,法国,986,33,15311,258
2012,95,,三菱集团/Mitsubishi Corp,日本,626,56,1366,397
2012,96,,现代汽车/Hyundai Motor,韩国,703,69,945,436
2012,97,,苏黎士金融服务集团/Zurich Financial Services,瑞士,530,35,3656,390
2012,98,,瑞穗金融集团/Mizuho Financial,日本,322,50,19344,406
2012,99,,嘉能可国际/Glencore International,瑞士,1796,39,852,459
2012,100,,摩根士丹利/Morgan Stanley,美国,393,41,7499,386
2012,100,,平安保险集团/Ping An Insurance Group,中国,422,30,3628,550
2012,102,,意大利联合圣保罗银行/Intesa Sanpaolo,意大利,470,36,8757,339
2012,103,,谷歌/Google,美国,379,97,726,2032
2012,103,,罗氏控股/Roche Holding,瑞士,453,100,629,1520
2012,105,,联合健康集团/UnitedHealth Group,美国,1019,51,679,581
2012,106,,卡特彼勒/Caterpillar,美国,601,49,814,735
2012,107,,联合利华/Unilever,荷兰,602,55,615,1024
2012,108,,中国交通银行/Bank of Communications,中国,249,59,5985,488
2012,109,,甲骨文/Oracle,美国,367,94,729,1495
2012,110,,法国电信/France Telecom,法国,586,50,1201,393
2012,111,,渣打银行/Standard Chartered,英国,235,47,5987,625
2012,112,,墨西哥美洲电信公司/América Móvil,墨西哥,477,59,679,934
2012,113,,保德信金融集团/Prudential Financial,美国,490,37,6245,299
2012,114,,波音/Boeing,美国,687,40,800,561
2012,115,,美国运通/American Express,美国,323,49,1533,660
2012,116,,卡夫食品/Kraft Foods,美国,544,35,938,679
2012,117,,希维斯保健标志/CVS Caremark,美国,1071,35,645,590
2012,117,,乐购/Tesco,英国,991,43,767,417
2012,119,,葛兰素史克/GlaxoSmithKline,英国,425,82,594,1118
2012,120,,联合技术公司/United Technologies,美国,582,50,615,777
2012,121,,迪士尼/Walt Disney,美国,410,50,739,774
2012,122,,美国合众银行/US Bancorp,美国,214,49,3401,605
2012,123,,保诚集团/Prudential,英国,567,23,4191,319
2012,124,,信实工业/Reliance Industries,印度,595,43,690,504
2012,125,,瑞士信贷集团/Credit Suisse Group,瑞士,448,20,11124,362
2012,126,,中国神华能源/China Shenhua Energy,中国,331,73,636,842
2012,127,,雅培/Abbott Laboratories,美国,389,47,603,934
2012,128,,斯伦贝谢/Schlumberger,荷兰,395,50,552,1024
2012,129,,日立/Hitachi,日本,1121,29,1093,272
2012,130,,安赛乐米塔尔/ArcelorMittal,卢森堡,940,23,1219,323
2012,131,,伊维尔德罗拉/Iberdrola,西班牙,410,36,1199,360
2012,132,,埃斯拉达矿业/Xstrata,瑞士,327,55,749,548
2012,133,,三井物产/Mitsui & Co,日本,563,37,1036,311
2012,134,,森科能源公司/Suncor Energy,加拿大,391,42,734,518
2012,135,,北欧联合银行/Nordea Bank,瑞典,217,34,9333,397
2012,136,,拜耳集团/Bayer Group,德国,473,32,668,592
2012,137,,哥伦比亚国家石油公司/Ecopetrol,哥伦比亚,356,84,476,1197
2012,138,,意大利联合信贷集团/UniCredit Group,意大利,563,16,12318,318
2012,139,,英美集团/Anglo American,英国,295,60,720,549
2012,140,,雷普索尔公司/Repsol YPF,西班牙,728,28,888,301
2012,141,,陶氏化学/Dow Chemical,美国,600,27,692,418
2012,142,,阿斯利康/AstraZeneca,英国,324,96,514,580
2012,143,,莱茵集团/RWE Group,德国,637,23,1169,299
2012,144,,家得宝/Home Depot,美国,704,39,405,756
2012,145,,西方石油/Occidental Petroleum,美国,241,68,600,816
2012,146,,中海油/Cnooc,中国香港,271,80,497,963
2012,147,,蒙特利尔银行/Bank of Montreal,加拿大,195,33,5367,381
2012,148,,印度国家银行/State Bank of India,印度,332,24,3692,282
2012,149,,佳能/Canon,日本,462,32,511,635
2012,149,,TNK-BP控股/TNK-BP Holding,俄罗斯,602,90,371,516
2012,151,,浦项制铁/Posco,韩国,595,31,673,306
2012,152,,穆勒-马士基集团/Mxller-Maersk,丹麦,561,26,698,341
2012,153,,上海浦东发展银行/Shanghai Pudong Dev Bk,中国,204,43,4259,273
2012,154,,伊塔乌投资银行/Itaúsa,巴西,298,26,1624,323
2012,155,,中国电信/China Telecom,中国,389,26,661,472
2012,156,,鸿海精密集团/Hon Hai Precision,中国台湾,1027,26,473,378
2012,157,,忠利集团/Generali Group,意大利,1052,11,5329,276
2012,158,,新闻集团/News Corp,美国,342,30,599,495
2012,159,,塔吉特/Target,美国,699,29,466,391
2012,160,,中国招商银行/China Merchants Bank,中国,152,39,3640,425
2012,161,,万喜/Vinci,法国,488,25,784,305
2012,162,,杜邦/EI du Pont de Nemours,美国,387,35,485,498
2012,163,,菲利浦・莫里斯国际公司/Philip Morris International,美国,311,86,355,1478
2012,164,,和记黄埔/Hutchison Whampoa,中国香港,269,26,910,447
2012,165,,意大利电信/Telecom Italia,意大利,369,42,1171,213
2012,166,,英国天然气/BG Group,英国,203,41,608,832
2012,167,,PTT PCL/PTT PCL,泰国,769,33,438,329
2012,168,,联合包裹/United Parcel Service,美国,531,38,347,752
2012,169,,瑞士再险/Swiss Re,瑞士,281,26,2259,239
2012,170,,香港怡和集团/Jardine Matheson,中国香港,380,34,583,339
2012,171,,印度油气/Oil & Natural Gas,印度,263,50,510,466
2012,172,,加拿大帝国商业银行/Canadian Imperial Bank,加拿大,165,31,3903,314
2012,173,,戴尔/Dell,美国,621,35,445,305
2012,174,,欧洲宇航防务集团/EADS,荷兰,636,13,1093,334
2012,175,,英美烟草公司/British American Tobacco,英国,239,48,416,1009
2012,176,,JX控股公司/JX Holdings,日本,1159,38,741,158
2012,177,,时代华纳/Time Warner,美国,290,29,678,348
2012,178,,英国国家电网/National Grid,英国,224,35,744,363
2012,179,,PNC金融服务集团/PNC Financial Services,美国,158,31,2712,335
2012,180,,慕尼黑再保险/Munich Re,德国,848,10,3209,271
2012,181,,威望迪/Vivendi,法国,373,35,705,229
2012,182,,第一金融/Capital One Financial,美国,185,31,2060,251
2012,183,,麦当劳/McDonald's,美国,270,55,330,995
2012,183,,沃尔沃集团/Volvo Group,瑞典,450,26,497,315
2012,185,,伟彭医疗/WellPoint,美国,607,26,520,225
2012,186,,ABB集团/ABB,瑞士,356,30,395,478
2012,187,,雷诺/Renault,法国,552,27,931,164
2012,188,,西农集团/Wesfarmers,澳大利亚,584,21,432,355
2012,189,,软银集团/Softbank,日本,361,23,549,323
2012,190,,迪尔公司/Deere & Co,美国,327,28,486,334
2012,191,,KDDI株式会社/KDDI,日本,413,31,440,292
2012,192,,纽约梅隆银行/Bank of New York Mellon,美国,153,25,3253,291
2012,193,,德国电信/Deutsche Telekom,德国,760,7,1533,505
2012,193,,3M公司/3M,美国,296,43,316,622
2012,195,,施耐德电气/Schneider Electric,法国,312,25,465,384
2012,196,,澳洲电信/Telstra,澳大利亚,268,35,406,429
2012,197,,圣戈班/Saint-Gobain,法国,546,17,588,257
2012,198,,阿帕奇/Apache,美国,169,46,521,419
2012,199,,住友商事/Sumitomo Corp,日本,373,24,864,188
2012,200,,苏格尼盖石油天然气公司/Surgutneftegas,俄罗斯,203,43,466,399
2012,201,,帝国烟草公司/Imperial Tobacco Group,英国,237,28,475,405
2012,202,,霍尼韦尔国际/Honeywell International,美国,365,21,398,468
2012,202,,联合太平洋/Union Pacific,美国,196,33,451,543
2012,204,,中信银行/China Citic Bank,中国,123,33,3155,322
2012,205,,东芝/Toshiba,日本,770,17,606,193
2012,206,,洛克希德马丁/Lockheed Martin,美国,465,27,379,290
2012,207,,高通/Qualcomm,美国,163,45,376,1106
2012,208,,礼来/Eli Lilly & Co,美国,243,43,337,466
2012,209,,欧莱雅集团/L'Oréal Group,法国,264,32,314,708
2012,210,,德国邮政集团/Deutsche Post,德国,736,16,498,225
2012,210,,迪奥/Christian Dior,法国,319,17,664,283
2012,212,,安进/Amgen,美国,156,37,489,533
2012,213,,新韩金融/Shinhan Financial,韩国,166,28,2486,189
2012,214,,美国家庭生命保险/Aflac,美国,222,20,1171,219
2012,215,,日本烟草/Japan Tobacco,日本,291,17,421,520
2012,216,,伊藤忠商事/Itochu,日本,439,19,671,179
2012,217,,百时美施贵宝/Bristol-Myers Squibb,美国,212,37,330,560
2012,217,,南方公司/Southern Co,美国,177,23,593,384
2012,219,,劳氏/Lowe's Cos,美国,502,18,336,377
2012,220,,沃尔格林/Walgreen,美国,730,27,274,299
2012,221,,爱克斯龙/Exelon,美国,189,25,551,331
2012,222,,达能集团/Danone,法国,250,22,394,448
2012,223,,梯瓦制药/Teva Pharmaceutical Inds,以色列,172,26,499,410
2012,224,,松下/Panasonic,日本,1046,9,904,227
2012,225,,巴利克黄金/Barrick Gold,加拿大,143,45,489,440
2012,226,,现代重工/Hyundai Heavy Industries,韩国,458,22,425,221
2012,227,,民生银行/China Minsheng Banking,中国,121,27,2761,266
2012,227,,SAP公司/SAP,德国,184,45,296,881
2012,229,,旅行者保险/Travelers Cos,美国,254,14,1046,233
2012,230,,奥驰亚集团/Altria Group,美国,166,34,370,614
2012,230,,7&I控股/Seven & I Holdings,日本,626,14,453,250
2012,232,,上海汽车集团/SAIC Motor,中国,463,21,338,264
2012,233,,日本电装/Denso,日本,377,17,400,301
2012,234,,易安信/EMC,美国,200,25,343,593
2012,235,,弗里波特・麦克莫兰铜金公司/Freeport-McMoRan Copper,美国,209,46,321,366
2012,236,,三星人寿保险/Samsung Life Insurance,韩国,233,18,1336,171
2012,237,,瓦莱罗能源公司/Valero Energy,美国,1260,21,428,155
2012,238,,好市多/Costco Wholesale,美国,934,15,275,393
2012,239,,阿彻丹尼尔斯公司/Archer Daniels Midland,美国,882,15,415,210
2012,239,,爱立信/Ericsson,瑞典,329,18,390,324
2012,241,,英国电信/BT Group,英国,322,24,370,266
2012,242,,东京海上控股/Tokio Marine Holdings,日本,380,9,1976,220
2012,243,,中国兴业银行/Industrial Bank,中国,116,28,2803,234
2012,244,,通用动力/General Dynamics,美国,327,25,349,260
2012,245,,中国交通建设集团/CCCC-China Communications Construction,中国,468,19,567,156
2012,246,,丰益国际/Wilmar International,新加坡,432,15,394,251
2012,247,,南非米勒酿酒/SABMiller,英国,151,25,387,657
2012,248,,友邦保险集团/AIA Group,中国香港,123,16,1144,441
2012,248,,苏格兰及南方能源集团/SSE,英国,454,24,341,196
2012,250,,中国太平洋保险/China Pacific Insurance,中国,215,13,701,281
2012,251,,法国外贸银行集团/Natixis,法国,230,18,6099,123
2012,252,,ACE保险/ACE,瑞士,168,16,875,244
2012,253,,起亚汽车公司/Kia Motors,韩国,390,31,261,254
2012,254,,帝亚吉欧/Diageo,英国,159,30,309,604
2012,255,,俄罗斯国有商业银行/VTB Bank,俄罗斯,126,19,1393,264
2012,256,,KB 金融集团/KB Financial Group,韩国,161,22,2396149,
2012,257,,标准银行集团/Standard Bank Group,南非,133,17,1849,239
2012,258,,伍尔沃斯/Woolworths,澳大利亚,580,23,220,333
2012,259,,美敦力/Medtronic,美国,162,34,319,413
2012,260,,挪威银行/DNB,挪威,116,22,3561,210
2012,260,,关西电力/Kansai Electric Power,日本,333,15,840,156
2012,262,,布鲁克菲尔德资产管理公司/Brookfield Asset Mgmt,加拿大,159,20,910,198
2012,263,,加拿大贝尔/BCE,加拿大,191,23,387,310
2012,264,,新日本制铁/Nippon Steel,日本,494,11,598,182
2012,265,,中国建筑工程总公司/China State Construction,中国,562,14,601,150
2012,266,,东日本铁路/East Japan Railway,日本,305,9,817,254
2012,267,,麦克森公司/McKesson,美国,1199,13,332,215
2012,268,,赫斯/Hess,美国,379,17,391,213
2012,269,,武田制药/Takeda Pharmaceutical,日本,171,30,333,350
2012,270,,联邦快递/FedEx,美国,413,18,285,297
2012,271,,加拿大自然资源公司/Canadian Natural Resources,加拿大,135,26,464,388
2012,272,,贝莱德集团/BlackRock,美国,91,23,1799,368
2012,273,,西班牙天然气公司/Gas Natural Group,西班牙,273,17,591,165
2012,274,,时代华纳有线电视/Time Warner Cable,美国,197,17,483,249
2012,275,,新世代能源/NextEra Energy,美国,153,19,572,250
2012,276,,杜克能源/Duke Energy,美国,145,17,625,281
2012,277,,法通保险/Legal & General Group,英国,285,11,5077,126
2012,277,,三菱电机/Mitsubishi Electric,日本,439,15,373,191
2012,279,,赫斯基能源/Husky Energy,加拿大,229,22,318,251
2012,280,,江森自控/Johnson Controls,美国,417,17,297,222
2012,280,,北欧斯安银行/SEB,瑞典,135,16,3445,165
2012,282,,瑞典商业银行/Svenska Handelsbanken,瑞典,109,18,3580,209
2012,283,,南非萨索尔公司/Sasol,南非,210,29,261,322
2012,284,,台积电/Taiwan Semiconductor,中国台湾,141,44,253,711
2012,285,,印度石油/Indian Oil,印度,637,18,434,132
2012,286,,哈里伯顿/Halliburton,美国,248,28,237,319
2012,286,,丸红株式会社/Marubeni,日本,443,16,557,130
2012,288,,安泰人寿/Aetna,美国,338,20,386,163
2012,288,,SK创新公司/SK Innovation,韩国,618,29,302,138
2012,290,,法国液化空气/Air Liquide,法国,187,20,298,375
2012,291,,林德/Linde,德国,192,16,375,301
2012,291,,加拿大鲍尔集团/Power Corp of Canada,加拿大,323,11,2509,126
2012,293,,爱默生电气/Emerson Electric,美国,240,24,234,385
2012,294,,桑内拉电信/TeliaSonera,瑞典,151,27,359,299
2012,295,,新加坡电信/SingTel,新加坡,143,30,306,395
2012,296,,利安德巴塞尔工业/LyondellBasell Industries,荷兰,473,20,229,246
2012,297,,大陆公司/Continental,德国,395,16,331,190
2012,298,,德国商业银行/Commerzbank,德国,302,8,8537,141
2012,298,,道富银行/State Street,美国,102,19,2168,223
2012,300,,CaixaBank银行/CaixaBank,西班牙,151,12,3481,166
2012,301,,印度工业信贷投资银行/Icici Bank,印度,139,14,1190,211
2012,302,,日本中部铁路/Central Japan Railway,日本,181,16,611,176
2012,303,,丹纳赫集团/Danaher,美国,161,22,299,379
2012,303,,戴文能源/Devon Energy,美国,115,47,411,298
2012,305,,马拉松石油/Marathon Petroleum,美国,735,24,257,154
2012,306,,法国国家寿险/CNP Assurances,法国,552,11,4057,96
2012,307,,维萨/Visa,美国,95,38,358,949
2012,308,,普利司通/Bridgestone,日本,393,13,336,200
2012,309,,新鸿基房地产/Sun Hung Kai Properties,中国香港,80,62,531,389
2012,310,,好事达/Allstate,美国,327,8,1256,163
2012,311,,瑞典银行/Swedbank,瑞典,103,17,2708,195
2012,312,,英国航空航天系统/BAE Systems,英国,297,19,337,162
2012,313,,嘉年华/Carnival,巴拿马,160,16,386,262
2012,314,,菲亚特集团/Fiat Group,意大利,771,17,1017,78
2012,315,,道明尼资源/Dominion Resources,美国,144,14,456,287
2012,316,,星展银行/DBS Group,新加坡,72,23,2628,275
2012,316,,小松公司/Komatsu,日本,222,18,257,278
2012,316,,马拉松石油/Marathon Oil,美国,146,29,314,244
2012,319,,美国直播电视集团/Directv,美国,272,26,184,321
2012,320,,巴西中央电力/Eletrobrás,巴西,180,14,868,144
2012,321,,中国光大银行/China Everbright Bank,中国,90,19,2250,190
2012,322,,电子港湾/Ebay,美国,117,32,273,485
2012,323,,美国电力/American Electric,美国,151,16,522,187
2012,324,,友利金融控股/Woori Finance Holdings,韩国,176,19,2699,96
2012,325,,第一兰德/FirstRand,南非,91,30,1029,179
2012,326,,中国联通/China Unicom,中国香港,253,6,662,417
2012,327,,汉高/Henkel,德国,217,17,241,280
2012,328,,老年互助保险/Old Mutual,英国,152,10,2503,144
2012,329,,上海宝钢集团/Baoshan Iron & Steel,中国,307,20,326,140
2012,330,,中部电力/Chubu Electric Power,日本,280,10,615,141
2012,331,,利洁时集团/Reckitt Benckiser Group,英国,147,27,217,412
2012,332,,现代摩比斯/Hyundai Mobis,韩国,238,27,195,245
2012,333,,BB&T公司/BB&T,美国,100,13,1746,217
2012,334,,埃森哲/Accenture,爱尔兰,285,24,153,442
2012,335,,丘博/Chubb,美国,136,17,509,185
2012,336,,美国国民油井华高公司/National Oilwell Varco,美国,147,20,255,354
2012,337,,印度国家火电公司/NTPC,印度,129,21,323,284
2012,338,,南非移动/MTN Group,南非,151,26,225,340
2012,339,,诺里尔斯克镍业/Norilsk Nickel,俄罗斯,127,33,239,379
2012,340,,亚马逊/Amazon.com,美国,481,6,253,842
2012,341,,恩桥天然气/Enbridge,加拿大,191,10,337,300
2012,342,,雷神/Raytheon,美国,249,19,259,177
2012,343,,麦德龙/Metro AG,德国,866,8,441,134
2012,344,,信诺/Cigna,美国,220,13,510,134
2012,345,,欧米威集团/OMV Group,奥地利,441,14,366,122
2012,346,,沙特电信/Saudi Telecom,沙特,148,21,296,213
2012,347,,家乐福/Carrefour,法国,1132,5,621,173
2012,348,,塔塔汽车/Tata Motors,印度,271,21,226,170
2012,349,,诺斯古曼/Northrop Grumman,美国,264,21,254,157
2012,349,,理索纳金融控股/Resona Holdings,日本,103,19,5130,120
2012,351,,贝克休斯石化/Baker Hughes,美国,198,17,248,214
2012,352,,耐克/NIKE,美国,227,22,146,510
2012,353,,挪威电信/Telenor,挪威,164,13,278,294
2012,354,,布伊格建设集团/Bouygues,法国,424,14,450,101
2012,355,,泰克资源/Teck Resources,加拿大,113,26,336,217
2012,356,,中国中铁股份有限公司/China Railway Group,中国,692,11,586,87
2012,357,,曼弗雷保险/Mapfre,西班牙,255,12,653,104
2012,358,,泰科国际/Tyco International,瑞士,172,14,265,247
2012,359,,土耳其担保银行/Garanti Bank,土耳其,92,20,867,161
2012,360,,德州仪器/Texas Instruments,美国,137,22,205,378
2012,361,,印第纺织/Inditex,西班牙,181,25,143,585
2012,362,,PPR公司/PPR,法国,158,13,317,227
2012,363,,金伯利-克拉克/Kimberly-Clark,美国,208,16,194,287
2012,364,,洛斯公司/Loews,美国,141,11,754,157
2012,365,,加拿大运输/TransCanada,加拿大,90,16,481,311
2012,366,,马来亚银行/Maybank,马来西亚,72,16,1419,220
2012,367,,ACS集团/Grupo ACS,西班牙,376,12,596,91
2012,368,,韩国SK集团/SK Holdings,韩国,1005,15,797,64
2012,369,,WPP集团/WPP,爱尔兰,156,13,390,172
2012,370,,Ko?控股/Ko? Holding,土耳其,402,11,520,97
2012,371,,HCA控股/HCA Holdings,美国,325,25,269,111
2012,372,,发现金融服务公司/Discover Financial Services,美国,86,22,688,170
2012,372,,伊利诺伊工具/Illinois Tool Works,美国,178,21,180,280
2012,372,,劳斯莱斯/Rolls-Royce,英国,173,13,250,250
2012,375,,米其林集团/Michelin Group,法国,268,19,254,138
2012,376,,维亚康姆/Viacom,美国,150,17,229,257
2012,377,,印度巴帝电信/Bharti Airtel,印度,134,14,318,247
2012,378,,保乐力加集团/Pernod Ricard,法国,111,15,351,278
2012,379,,第一能源/FirstEnergy,美国,163,9,473,186
2012,380,,卡地纳健康集团/Cardinal Health,美国,1067,9,243,144
2012,381,,ES药品福利管理/Express Scripts,美国,461,13,156,263
2012,382,,佰特国际/Baxter International,美国,139,22,191,335
2012,383,,深圳发展银行/Shenzhen Development Bank,中国,91,16,1994,133
2012,384,,英国森特理克集团/Centrica,英国,354,7,300,258
2012,385,,葡萄牙电力/EDP-Energias de Portugal,葡萄牙,196,15,529,104
2012,386,,国际纸业/International Paper,美国,260,13,270,155
2012,387,,CSX公司/CSX,美国,117,18,295,234
2012,387,,菲亚特工业/Fiat Industrial,意大利,315,8,486,133
2012,389,,切萨皮克能源公司/Chesapeake Energy,美国,116,17,418,166
2012,390,,费森尤斯集团/Fresenius,德国,214,10,332,166
2012,390,,荷兰皇家电信/KPN,荷兰,169,20,267,155
2012,392,,英杰华集团/Aviva,英国,552,3,4740,175
2012,393,,日本国际石油开发公司/Inpex,日本,113,15,320,252
2012,394,,PPL公司/PPL,美国,127,15,426,164
2012,395,,策斯发电/CEZ Group,捷克共和国,106,21,304,232
2012,396,,孟山都/Monsanto,美国,124,17,204,422
2012,397,,Cenovus能源公司/Cenovus Energy,加拿大,154,15,218,281
2012,397,,通用磨房/General Mills,美国,158,16,215,250
2012,399,,华侨银行/Oversea-Chinese Banking,新加坡,58,18,2142,246
2012,400,,太平洋煤气电力/PG&E,美国,150,9,498,179
2012,401,,日本钢铁工程控股/JFE Holdings,日本,384,7,472,134
2012,402,,印度煤炭公司/Coal India,印度,118,24,181,431
2012,403,,大华银行/United Overseas Bank,新加坡,59,18,1827,232
2012,404,,诺福克南方公司/Norfolk Southern,美国,112,19,285,228
2012,405,,梅西百货/Macy's,美国,264,13,221,165
2012,406,,加拿大国有铁路公司/Canadian National Railway,加拿大,89,24,256,350
2012,407,,三菱地产/Mitsubishi Estate,日本,119,8,512,260
2012,408,,苏格兰皇家银行/Royal Bank of Scotland,英国,608,-31,23358,482
2012,409,,德国意昂集团/E.ON,德国,1573,-31,1981,491
2012,410,,高露洁棕榄集团/Colgate-Palmolive,美国,167,24,127,455
2012,411,,自动化数据处理公司/Automatic Data,美国,104,13,325,270
2012,412,,拉法基/Lafarge,法国,198,8,518,139
2012,413,,阿霍德集团/Ahold,荷兰,392,13,189,152
2012,414,,劳埃德银行集团/Lloyds Banking Group,英国,650,-45,15082,408
2012,415,,哥伦比亚广播公司/CBS,美国,142,13,262,205
2012,416,,永旺集团/Aeon,日本,623,7,453,100
2012,416,,CenturyLink公司/CenturyLink,美国,154,6,561,242
2012,418,,哈特福德金融服务/Hartford Financial Services,美国,219,7,3041,96
2012,419,,柯惠医疗/Covidien,爱尔兰,117,19,206,261
2012,420,,统一爱迪生/Consolidated Edison,美国,129,11,392,169
2012,421,,喜力控股/Heineken Holding,荷兰,222,9,346,133
2012,422,,阿默普莱斯金融/Ameriprise Financial,美国,102,11,1340,128
2012,423,,塔塔钢铁/Tata Steel,印度,267,20,303,87
2012,424,,哈门那/Humana,美国,368,14,177,142
2012,425,,土耳其实业银行/Isbank,土耳其,111,14,976,108
2012,426,,京瓷/Kyocera,日本,152,15,233,168
2012,427,,拉斯维加斯金沙/Las Vegas Sands,美国,94,16,222,415
2012,428,,施乐/Xerox,美国,226,13,301,111
2012,429,,西斯特能源/Sistema JSFC,俄罗斯,280,9,439,97
2012,430,,赛默飞世尔科技/Thermo Fisher Scientific,美国,117,13,268,212
2012,431,,万科集团/China Vanke,中国,99,15,470,142
2012,432,,富腾/Fortum,芬兰,80,23,297,218
2012,433,,康宁公司/Corning,美国,79,28,278,218
2012,434,,中国人民财产保险/PICC Property & Casualty,中国,195,8,304,163
2012,435,,中电控股/CLP Holdings,中国香港,118,12,274,210
2012,436,,三井不动产/Mitsui Fudosan,日本,169,6,455,175
2012,437,,昆士兰保险集团/QBE Insurance Group,澳大利亚,158,7,468,155
2012,438,,维佩尔通讯/VimpelCom,荷兰,202,5,545,179
2012,439,,富士通/Fujitsu,日本,545,7,356,110
2012,440,,芬莎/Femsa,墨西哥,146,11,197,254
2012,441,,LG 化学/LG Chem,韩国,196,18,132,218
2012,442,,麦格理集团/Macquarie Group,澳大利亚,119,10,1617,93
2012,443,,中国铁建/China Railway Construction,中国,692,6,528,83
2012,444,,阿尔斯通/Alstom,法国,296,7,402,120
2012,444,,信越化学/Shin-Etsu Chemical,日本,127,12,213,241
2012,446,,萨班哲控股/Sabanci Holding,土耳其,127,11,843,97
2012,447,,富士胶片控股/Fujifilm Holdings,日本,267,8,317,127
2012,448,,萨斯喀彻温钾盐/Potash of Saskatchewan,加拿大,87,31,163,393
2012,449,,三菱化学/Mitsubishi Chemical,日本,381,10,384,81
2012,450,,东风汽车集团/Dongfeng Motor Group,中国,186,17,165,159
2012,451,,西路控股/CRH,爱尔兰,234,7,274,159
2012,452,,公共服务企业集团/Public Service Enterprise,美国,111,15,298,152
2012,453,,德国默克/Merck,德国,133,8,278,235
2012,454,,普莱克斯/Praxair,美国,113,17,164,330
2012,455,,先正达/Syngenta,瑞士,124,15,164,299
2012,456,,吉利德科学/Gilead Sciences,美国,84,28,173,354
2012,457,,瑞福森国际银行控股/Raiffeisen Bank International,奥地利,129,15,1754,70
2012,458,,法国标致/Peugeot,法国,776,8,877,61
2012,459,,邦基集团/Bunge,百慕大,587,9,233,99
2012,459,,宏利金融集团/Manulife Financial,加拿大,501,2,4538,249
2012,461,,野村控股公司/Nomura Holdings,日本,164,3,4398,185
2012,462,,伊顿公司/Eaton,美国,160,14,179,171
2012,462,,克罗格公司/Kroger,美国,904,6,235,137
2012,464,,安特吉/Entergy,美国,112,14,407,120
2012,465,,美盛/Mosaic,美国,112,23,158,245
2012,466,,诺和诺德/Novo Nordisk,丹麦,116,30,109,826
2012,467,,金巴斯集团/Compass Group,英国,247,11,143,201
2012,468,,百思买/Best Buy,美国,506,11,227,89
2012,469,,欧力士/Orix,日本,117,8,1024,108
2012,470,,Akbank银行/Akbank,土耳其,64,13,740,164
2012,471,,工商信贷集团/CIC Group,法国,161,15,3237,54
2012,472,,EOG能源/EOG Resources,美国,92,11,248,314
2012,473,,达美航空/Delta Air Lines,美国,351,9,435,78
2012,473,,罗杰斯通信/Rogers Communications,加拿大,122,15,180,204
2012,475,,康明斯/Cummins,美国,180,18,117,245
2012,476,,台塑石化/Formosa Petrochemical,中国台湾,272,8,145,301
2012,477,,塞莫拉能源/Sempra Energy,美国,100,14,334,141
2012,477,,索尼/Sony,日本,865,-31,1531,221
2012,479,,印尼人民银行/Bank Rakyat Indonesia,印尼,59,17,515,184
2012,480,,法国农业信贷银行/Crédit Agricole,法国,601,-19,22376,170
2012,481,,加拿大国民银行/National Bank of Canada,加拿大,64,12,1747,131
2012,482,,五三银行/Fifth Third Bancorp,美国,67,13,1170,132
2012,482,,俄罗斯铝业联合公司/UC Rusal,俄罗斯,109,29,265,111
2012,484,,太阳信托银行/SunTrust Banks,美国,96,6,1769,131
2012,485,,海德堡水泥/HeidelbergCement,德国,180,8,374,110
2012,485,,东京瓦斯/Tokyo Gas,日本,185,11,216,122
2012,487,,韩亚金融集团/Hana Financial Group,韩国,90,11,1538,92
2012,488,,曼迪利银行/Bank Mandiri,印尼,60,13,604,176
2012,489,,H&M/H&M,瑞典,163,23,87,616
2012,490,,美国铝业/Alcoa,美国,250,6,401,112
2012,491,,怡安保险/Aon,美国,113,10,296,159
2012,492,,新科-美威/Suncorp-Metway,澳大利亚,190,5,1021,112
2012,493,,联昌国际投资银行集团/CIMB Group Holdings,马来西亚,54,13,947,186
2012,494,,中国冶金科工集团/MCC,中国,313,8,434,77
2012,494,,帕卡公司/Paccar,美国,164,10,172,169
2012,496,,西斯科公司/Sysco,美国,410,11,115,173
2012,497,,三菱重工/Mitsubishi Heavy Industries,日本,349,4,480,162
2012,498,,丹斯克银行/Danske Bank,丹麦,200,3,5978,158
2012,498,,进步网络/Progressive,美国,155,10,218,138
2012,500,,美国废物管理公司/Waste Management,美国,134,10,226,161
2012,501,,墨西哥铜业集团/Grupo Mexico,墨西哥,94,21,153,252
2012,502,,TE Connectivity/TE Connectivity,瑞士,144,12,175,159
2012,503,,桑普公司/Sampo,芬兰,72,13,383,163
2012,504,,挪威海德鲁/Norsk Hydro,挪威,163,11,222,117
2012,505,,住友电工/Sumitomo Electric,日本,245,8,234,111
2012,506,,日本爱信精机/Aisin Seiki,日本,272,8,234,105
2012,507,,黄金企业公司/Goldcorp,加拿大,54,19,294,357
2012,508,,任天堂/Nintendo,日本,122,9,193,214
2012,509,,阿联酋电信/Etisalat,阿联酋,88,16,198,200
2012,510,,历峰集团/Richemont,瑞士,100,16,133,369
2012,511,,华夏银行/Hua Xia Bank,中国,69,9,1576,119
2012,512,,意大利西耶那银行/Banca MPS,意大利,118,13,3222,58
2012,513,,莫里森超市连锁/Wm Morrison Supermarkets,英国,278,11,156,120
2012,514,,玲木汽车/Suzuki Motor,日本,314,5,259,135
2012,515,,泰勒斯电信/Telus,加拿大,102,12,196,186
2012,516,,富邦金融/Fubon Financial,中国台湾,97,7,1180,105
2012,517,,南亚塑胶工业/Nan Ya Plastic,中国台湾,116,14,158,184
2012,518,,乐天百货/Lotte Shopping,韩国,201,8,285,94
2012,519,,阿克苏诺贝尔/Akzo Nobel,荷兰,203,6,247,142
2012,520,,日本第一生命保险/Dai-ichi Life Insurance,日本,534,2,3839,142
2012,520,,HDFC银行/HDFC Bank,印度,55,9,621,237
2012,522,,汉诺威再险/Hannover Re,德国,169,8,646,68
2012,523,,台湾化学纤维股份有限公司/Formosa Chemicals,中国台湾,135,11,160,173
2012,523,,联合大陆控股公司/United Continental Holdings,美国,371,8,380,66
2012,525,,中钢集团/China Steel,中国台湾,120,13,186,150
2012,526,,中国中煤能源/China Coal Energy,中国,107,11,186,184
2012,526,,拉森-图博/Larsen & Toubro,印度,116,10,211,161
2012,528,,阿特拉斯科普柯/Atlas Copco,瑞典,118,19,108,314
2012,529,,鞑靼石油/Tatneft,俄罗斯,107,15,185,151
2012,530,,森那美/Sime Darby,马来西亚,139,12,140,192
2012,531,,卡塔尔国民银行/Qatar National Bank,卡塔尔,35,21,829,261
2012,532,,大冢控股/Otsuka Holding,日本,131,10,188,158
2012,533,,旭硝子玻璃/Asahi Glass,日本,158,12,214,100
2012,534,,塞恩斯伯里公司/J Sainsbury,英国,338,10,183,90
2012,535,,太古集团/Swire Pacific,中国香港,47,44,376,173
2012,536,,巴西国家黑色冶金公司/Companhia Siderurgica,巴西,87,15,218,157
2012,537,,奥姆尼康集团/Omnicom Group,美国,139,10,205,136
2012,538,,韩国SK电讯/SK Telecom,韩国,144,15,210,98
2012,539,,安普公司/AMP,澳大利亚,77,7,1119,125
2012,540,,瑞士通讯/Swisscom,瑞士,122,7,205,204
2012,541,,长江实业/Cheung Kong Holdings,中国香港,31,34,423,326
2012,542,,标准人寿保险/Standard Life,英国,141,5,2488,93
2012,543,,沙特电力公司/Saudi Electricity,沙特,82,6,570,172
2012,544,,赛峰公司/Safran,法国,151,6,265,148
2012,545,,沙特拉吉哈银行/Al Rajhi Bank,沙特,35,20,589,311
2012,546,,TJX公司/TJX Cos,美国,232,15,83,286
2012,547,,麦格纳国际公司/Magna International,加拿大,287,10,147,113
2012,548,,雷诺兹美国公司/Reynolds American,美国,85,14,163,238
2012,549,,里德爱思唯尔公司/Reed Elsevier,英国,93,12,179,193
2012,550,,韩国工业银行/Industrial Bank of Korea,韩国,81,13,1605,70
2012,551,,韩国电信/KT,韩国,190,11,274,75
2012,552,,亚美资源/AmerisourceBergen,美国,807,7,160,99
2012,553,,英联食品/Associated British Foods,英国,172,8,157149,
2012,554,,霍尔希姆公司/Holcim,瑞士,221,3,450,219
2012,554,,埃克西尔能源/Xcel Energy,美国,107,8,295,129
2012,556,,柯尔百货/Kohl's,美国,188,12,141,128
2012,557,,金德摩根/Kinder Morgan,美国,83,6,307,296
2012,558,,阿迪达斯/Adidas,德国,173,9,141,163
2012,559,,嘉信理财/Charles Schwab,美国,49,9,1086,195
2012,560,,印度住房开发金融公司/HDFC,印度,58,10,393,195
2012,561,,加阳公司/Agrium,加拿大,155,14,131,136
2012,562,,泰纳瑞斯公司/Tenaris,卢森堡,92,12,147,248
2012,563,,嘉士伯/Carlsberg,丹麦,111,9,256,128
2012,564,,信安金融集团/Principal Financial Group,美国,87,7,1483,88
2012,565,,PPG工业/PPG Industries,美国,149,11,144,142
2012,566,,达信保险顾问有限公司/Marsh & McLennan,美国,115,10,155,179
2012,567,,家乐氏/Kellogg,美国,132,12,119,188
2012,568,,荷兰全球保险集团/Aegon,荷兰,424,-2,4337,114
2012,569,,法罗里奥集团/Ferrovial,西班牙,96,16,272,89
2012,569,,纽柯钢铁/Nucor,美国,200,8,146,140
2012,571,,史泰博/Staples,美国,250,10,134,114
2012,572,,墨菲石油/Murphy Oil,美国,277,9,141,114
2012,573,,诺基亚/Nokia,芬兰,501,-15,446,196
2012,574,,空气化工产品公司/Air Products & Chemicals,美国,101,12,144,193
2012,574,,雅拉国际/Yara International,挪威,130,20,121,133
2012,576,,MS&AD保险集团/MS&AD Insurance,日本,390,1,1345,133
2012,577,,丰田通商/Toyota Tsusho,日本,691,6,293,70
2012,578,,山特维克/Sandvik,瑞典,136,8,144,190
2012,579,,东丽株式会社/Toray Industries,日本,185,7,185,120
2012,580,,韩国电力/Korea Electric Power,韩国,393,-30,1141,134
2012,581,,中华电信/Chunghwa Telecom,中国台湾,69,16,156,238
2012,581,,富兰克林资源公司/Franklin Resources,美国,71,19,134,271
2012,583,,应用材料公司/Applied Materials,美国,100,15,136,166
2012,583,,丰田工业/Toyota Industries,日本,178,6,298,100
2012,585,,吉宝纸递/Keppel,新加坡,78,14,189,156
2012,586,,华能电力/Huaneng Power Intl,中国,158,5,345,111
2012,587,,俄罗斯国家石油管道运输公司/Transneft,俄罗斯,146,39,541,30
2012,588,,安斯泰来制药/Astellas Pharma,日本,115,8,155,190
2012,589,,阿尔卡特朗讯/Alcatel-Lucent,法国,199,14,289,55
2012,590,,波兰PGE公司/PGE Polska Grupa,波兰,95,17,171,118
2012,590,,索迪斯/Sodexo,法国,231,6,162,125
2012,592,,韩国炼油公司/S-Oil,韩国,288,11,110,119
2012,593,,塞米克电力/Cemig,巴西,77,14,191,150
2012,593,,永明人寿/Sun Life Financial,加拿大,222,-2,2141139,
2012,595,,DISH网络/DISH Network,美国,140,15,115,141
2012,596,,蒂森克虏伯集团/ThyssenKrupp Group,德国,580,-17,572,139
2012,597,,动态研究公司/Research In Motion,加拿大,198,22,140,76
2012,598,,进步能源公司/Progress Energy,美国,89,6,351,158
2012,599,,光谱能源公司/Spectra Energy,美国,54,12,281,209
2012,600,,新华人寿保险/New China Life Insurance,中国,154,3,462,146
2012,601,,莱斯特电信/Tele Norte Leste,巴西,178,9,419,58
2012,602,,中国远洋控股/China Cosco Holdings,中国,146,10,224,79
2012,602,,广达电脑/Quanta Computer,中国台湾,386,6,175,90
2012,604,,诺瓦泰克公司/Novatek,俄罗斯,54,37,119,432
2012,605,,百胜餐饮集团/Yum Brands,美国,126,13,88,315
2012,606,,宏达电/HTC,中国台湾,154,20,83,173
2012,607,,万事达信用卡/MasterCard,美国,67,19,107,532
2012,608,,阿纳达科石油/Anadarko Petroleum,美国,140,-26,518,422
2012,609,,西田集团/Westfield Group,澳大利亚,42,16,376,213
2012,610,,波兰储蓄银行/PKO Bank Polski,波兰,48,11,554,139
2012,611,,伍德赛德石油/Woodside Petroleum,澳大利亚,47,15,228,300
2012,612,,利丰/Li & Fung,中国香港,200,7,109,199
2012,613,,法拉贝拉/Falabella,智利,93,8,148,233
2012,613,,匈牙利炼油厂/MOL Hungarian Oil,匈牙利,220,6,204,95
2012,615,,翠丰集团/Kingfisher,英国,167,8,153,113
2012,616,,九龙仓集团/Wharf (Holdings),中国香港,25,46,312,178
2012,617,,米高梅集团/MGM Mirage,美国,78,31,278,70
2012,618,,Bankia银行/Bankia,西班牙,124,5,3905,67
2012,619,,第一制药三共公司/Daiichi Sankyo,日本,116,8,170,131
2012,620,,乔治威斯顿/George Weston,加拿大,318,6,209,79
2012,621,,史赛克/Stryker,美国,83,13,124,209
2012,622,,欧亚天然资源公司/Eurasian Natural Resources,英国,74,19,155,140
2012,623,,住友不动产/Sumitomo Realty & Dev,日本,90,6,389,116
2012,624,,塔利斯曼能源/Talisman Energy,加拿大,83,8,242,138
2012,625,,中信泰富/Citic Pacific,中国香港,129,12,294,63
2012,626,,巴拉特重型电力/Bharat Heavy Electricals,印度,94,14,146,133
2012,627,,飞利浦/Philips,荷兰,292,-17,354,215
2012,628,,芝加哥商业交易所集团/CME Group,美国,33,18,408,192
2012,629,,兖州煤业/Yanzhou Coal Mining,中国,75,14,152,161
2012,630,,亨氏/HJ Heinz,美国,115,10,120,171
2012,631,,星巴克/Starbucks,美国,122,13,78,401
2012,632,,新加坡航空/Singapore Airlines,新加坡,115,9,195,103
2012,633,,GF诺特/GFNorte,墨西哥,68,7,595,103
2012,634,,德意志交易所/Deutsche Boerse,德国,30,11,3517,128
2012,634,,西蒙地产集团/Simon Property Group,美国,43,10,262,435
2012,636,,港铁公司/MTR,中国香港,43,19,255,206
2012,637,,台塑关系企业/Formosa Plastics,中国台湾,77,16,122,186
2012,638,,泰雷兹集团/Thales,法国,169,7,261,75
2012,639,,纽蒙特矿业公司/Newmont Mining,美国,104,4,275,266
2012,640,,大秦铁路/Daqin Railway,中国,64,16,152,176
2012,640,,三星海上火灾保险/Samsung Fire & Marine,韩国,136,6,289,88
2012,642,,朝日集团控股公司/Asahi Group Holdings,日本,132,7,195,103
2012,642,,日本邮船公司/Nippon Yusen,日本,232,9,255,54
2012,644,,T&D控股/T&D Holdings,日本,218,3,1519,84
2012,645,,高浦能源/Galp Energia,葡萄牙,218,6,129,145
2012,645,,比利时联合银行/KBC Group,比利时,228,0,3673,96
2012,647,,摩托罗拉解决方案公司/Motorola Solutions,美国,82,12,139,161
2012,648,,奥奈克斯公司/Onex,加拿大,246,13,294,43
2012,649,,俄罗斯电信公司/Rostelecom,俄罗斯,91,10,140,152
2012,650,,P?o de A?úcar集团/Grupo P?o de A?úcar,巴西,250,4,174,143
2012,651,,马来西亚大众银行/Public Bank,马来西亚,37,11,787,156
2012,652,,尤尼百-洛当科集团/Unibail-Rodamco,法国,21,17,343,190
2012,653,,日本NKSJ控股/NKSJ Holdings,日本,302,-2,1052,100
2012,654,,爱尔兰联合银行/Allied Irish Banks,爱尔兰,68,-137,1916,737
2012,655,,桑勒姆保险/Sanlam,南非,75,7,473,90
2012,656,,旭化成公司/Asahi Kasei,日本,192,7,169,84
2012,657,,Halbank银行/Halkbank,土耳其,55,12,489,89
2012,658,,瑞士寿险控股/Swiss Life Holding,瑞士,196,7,1618,40
2012,659,,桑科萨集团/Cencosud,智利,157,6,135,152
2012,660,,安达智利/Antarchile,智利,217,6,207,83
2012,661,,新利佩茨克钢铁公司/Novolipetsk Steel,俄罗斯,83,13,139,140
2012,662,,暹罗商业银行/Siam Commercial Bank,泰国,37,11,595,158
2012,663,,中信证券/Citic Securities,中国,42,17,231,216
2012,663,,自由媒体互动集团/Liberty Interactive,美国,96,9,173,113
2012,665,,PTT全球化工/PTT Global Chemical,泰国,160,10,118,104
2012,666,,荷兰皇家DSM/Royal DSM,荷兰,117,11,141,105
2012,667,,塔塔咨询服务公司/Tata Consultancy Services,印度,84,20,73,455
2012,668,,巴西食品公司/BRF-Brasil Foods,巴西,137,5,154,182
2012,668,,旁遮普国民银行/Punjab National Bank,印度,70,10,865,61
2012,670,,派克汉尼汾公司/Parker-Hannifin,美国,130,11,103,136
2012,671,,阿第克公司/Adecco,瑞士,269,7,122,101
2012,672,,发那科公司/Fanuc,日本,54,14,122,436
2012,673,,法国航空-皇家荷兰航空集团/Air France-KLM,法国,334,9,398,17
2012,674,,西班牙人民银行/Banco Popular Espa?ol,西班牙,71,6,1686,72
2012,675,,科威特国民银行/National Bank of Kuwait,科威特,23,11,489,167
2012,676,,恒基地产/Henderson Land,中国香港,20,22,337,143
2012,677,,斯沃琪集团/Swatch Group,瑞士,72,14,102,248
2012,678,,来宝集团/Noble Group,中国香港,809,4,197,72
2012,679,,泰华农民银行/Kasikornbank,泰国,49,8,545,122
2012,679,,韦丹塔资源公司/Vedanta Resources,英国,118,8,289,67
2012,681,,史丹利百得/Stanley Black & Decker,美国,104,7,159,136
2012,682,,学生贷款营销协会/SLM,美国,58,6,1933,83
2012,683,,暹罗白水泥/Siam Cement,泰国,117,9,118,138
2012,684,,哥伦比亚银行/BanColombia,哥伦比亚,46,9,441,133
2012,685,,玛莎百货/Marks & Spencer,英国,156,10,118,96
2012,686,,九保田机械/Kubota,日本,112,7,163,123
2012,687,,RSA保险集团/RSA Insurance Group,英国,136,7,315,64
2012,688,,底特律能源/DTE Energy,美国,89,7,260,93
2012,689,,CPFL能源/CPFL Energia,巴西,76,9,147,153
2012,690,,阿斯麦控股/ASML Holding,荷兰,73,19,94,200
2012,691,,威立雅环境集团/Veolia Environnement,法国,384,-6,638,87
2012,692,,"贝克顿-迪金森公司/Becton, Dickinson",美国,79,12,114,164
2012,693,,M&T银行/M&T Bank,美国,44,9,779,108
2012,694,,奥地利第一储蓄银行/Erste Group Bank,奥地利,149,-10,2722,98
2012,695,,英国天空广播公司/British Sky Broadcasting,英国,106,13,85,188
2012,696,,出光兴产公司/Idemitsu Kosan,日本,440,7,301,42
2012,697,,乐金电子/LG Electronics,韩国,468,-4,273,132
2012,697,,精密机件/Precision Castparts,美国,70,12,102,255
2012,699,,L-3通讯/L-3 Communications,美国,152,10,155,70
2012,700,,中亚银行/Bank Central Asia,印尼,31,9,359,211
2012,701,,印度钢铁管理局公司/Steel Authority of India,印度,96,11,175,79
2012,701,,汤森路透/Thomson Reuters,加拿大,138,-14,325,244
2012,703,,九州电力/Kyushu Electric Power,日本,179,3,489,72
2012,703,,波兰国营石油公司/PKN Orlen,波兰,310,9,173,51
2012,705,,三井住友信托/Sumitomo Mitsui Trust,日本,41,6,1700,146
2012,706,,格力电器/Gree Electric Appliances,中国,129,8,133,98
2012,707,,斯堪雅建筑集团/Skanska,瑞典,172,11,118,75
2012,708,,国泰金融/Cathay Financial,中国台湾,120,2,1608,119
2012,708,,英国国际航空公司/International Airlines,英国,209,7,250,52
2012,710,,德尔福汽车/Delphi Automotive,英国,160,11,91,105
2012,711,,庞巴迪公司/Bombardier,加拿大,140,6,239,70
2012,712,,俄罗斯区域配电控股/IDGC Holding,俄罗斯,183,7,251,54
2012,713,,阿伯提斯交通公司/Abertis,西班牙,49,9,287,132
2012,714,,EnBw能源/EnBW-Energie Baden,德国,243,-11,464,108
2012,715,,巴罗达银行/Bank of Baroda,印度,58,10,821,63
2012,716,,卡塔尔电信/Qatar Telecom,卡塔尔,87,7,280,79
2012,717,,科凯国际集团/KeyCorp,美国,47,9,888,81
2012,718,,桑巴金融集团/Samba Financial Group,沙特,19,11,514,124
2012,719,,阳狮集团/Publicis Groupe,法国,75,8,212,104
2012,720,,北京银行/Bank of Beijing,中国,38,10,1111,100
2012,721,,达乐公司/Dollar General,美国,141,7,97,153
2012,721,,五十铃汽车/Isuzu Motors,日本,170,6,133,96
2012,723,,神户钢铁/Kobe Steel,日本,224,6,267,51
2012,724,,西日本铁路/West Japan Railway,日本,146,4,305,78
2012,725,,JBS公司/JBS,巴西,331,0,254,137
2012,726,,克利夫斯自然资源公司/Cliffs Natural Resources,美国,68,16,145,102
2012,726,,印尼电信/Telekom Indonesia,印尼,76,13,111,149
2012,728,,大阪商船三井船舶株式会社/Mitsui OSK Lines,日本,186,7,225,55
2012,729,,国泰航空/Cathay Pacific Airways,中国香港,127,7,177,79
2012,730,,斯普林特-奈克斯泰/Sprint Nextel,美国,337,-29,494,87
2012,731,,芬梅卡尼卡公司/Finmeccanica,意大利,250,7,408,29
2012,731,,现代钢铁/Hyundai Steel,韩国,132,6,189,77
2012,733,,麒麟控股/Kirin Holdings,日本,227,1,365,116
2012,734,,维也纳保险集团/Vienna Insurance Group,奥地利,125,5,513,58
2012,735,,纽克雷斯特矿业/Newcrest Mining,澳大利亚,44,10,183,245
2012,736,,亚特兰蒂亚/Atlantia,意大利,52,11,276,103
2012,737,,花王/Kao,日本,143,6,117,133
2012,738,,大韩人寿/Korea Life Insurance,韩国,128,4,625,59
2012,739,,云顶集团/Genting,马来西亚,61,9,171,129
2012,740,,皮博迪能源/Peabody Energy,美国,80,10,167,91
2012,741,,安托法加斯塔/Antofagasta,英国,59,12,116,192
2012,742,,森帕能源/CenterPoint Energy,美国,84,8,217,81
2012,742,,沃斯利集团/Wolseley,瑞士,223,4,125,113
2012,744,,爱迪生国际/Edison International,美国,128,0,480,139
2012,745,,曼谷银行/Bangkok Bank,泰国,37,9,668,115
2012,746,,林肯国民集团/Lincoln National,美国,106,3,2029,78
2012,747,,LG集团/LG Corp,韩国,91,9,128,106
2012,748,,海上油田服务集团/Seadrill,百慕大,41,14,183,182
2012,749,,中国长江电力/China Yangtze Power,中国,33,12,239,175
2012,750,,康尼格拉食品/ConAgra Foods,美国,128,7,115,109
2012,750,,耶弗拉兹集团/Evraz Group,英国,133,5,175,87
2012,752,,共和废品处理公司/Republic Services,美国,82,6,196,113
2012,753,,VF公司/VF,美国,95,9,93,163
2012,754,,德希尼布公司/Technip,法国,88,7,144,127
2012,755,,大阪瓦斯/Osaka Gas,日本,143,6,173,81
2012,756,,雅虎/Yahoo,美国,50,10,148,184
2012,757,,卫材公司/Eisai,日本,92,8,119,119
2012,757,,三星C&T公司/Samsung C&T,韩国,186,3,181,106
2012,757,,奥钢联集团/Voestalpine,奥地利,155,7,180,60
2012,760,,北方信托银行/Northern Trust,美国,42,6,1002,114
2012,761,,中国南方航空/China Southern Airlines,中国,112,9,167,69
2012,762,,英格索兰/Ingersoll-Rand,爱尔兰,148,3,188,122
2012,763,,AES公司/AES,美国,173,1,453,101
2012,764,,轴线银行/Axis Bank,印度,44,7,542,100
2012,765,,芬欧汇川集团/UPM-Kymmene,芬兰,130,6,193,72
2012,766,,RTL集团/RTL Group,卢森堡,80,10,102,149
2012,767,,俄罗斯水电/RusHydro,俄罗斯,137,3,213,114
2012,768,,古德里奇公司/Goodrich,美国,81,8,107,158
2012,769,,恒大地产/Evergrande Real Estate,中国,69,12,15889,
2012,770,,住友金属矿山/Sumitomo Metal Mining,日本,104,10,127,82
2012,771,,希捷科技/Seagate Technology,爱尔兰,116,9,92,120
2012,772,,阿布扎比国民银行/National Bank of Abu Dhabi,阿联酋,28,9,696,95
2012,773,,Holly公司/Holly,美国,154,10,103,75
2012,774,,中国东方航空/China Eastern Airlines,中国,131,7,182,63
2012,774,,三星重工/Samsung Heavy Industries,韩国,116,7,142,82
2012,776,,中联重科/Zoomlion Heavy Industry,中国,72,12,114,119
2012,777,,中国铝业/Aluminum Corp of China,中国,226,0,250,127
2012,778,,大唐发电/Datang International Power,中国,92,4,322,95
2012,779,,韩国外换银行/Korea Exchange Bank,韩国,50,15,867,50
2012,780,,泰森食品/Tyson Foods,美国,330,6,112,73
2012,781,,罗萨奥蒂卡集团/Luxottica Group,意大利,87,6,112,168
2012,782,,塞尔基因公司/Celgene,美国,48,13,100,332
2012,783,,博通/Broadcom,美国,74,9,90,206
2012,784,,印孚瑟斯科技公司/Infosys Technologies,印度,62,15,69,326
2012,785,,艺康公司/Ecolab,美国,68,5,182,175
2012,786,,德讯集团/Kuehne + Nagel,瑞士,173,6,64,158
2012,787,,西夫韦/Safeway,美国,436,5,151,59
2012,788,,雅诗兰黛/Estée Lauder Cos,美国,94,8,63,247
2012,788,,希腊国民银行/National Bank of Greece,希腊,106,6,1614,30
2012,788,,威普罗公司/Wipro,印度,70,12,83,210
2012,791,,腾讯控股/Tencent Holdings,中国,45,16,90,513
2012,792,,跨洋货运/Transocean,瑞士,91,-57,351,206
2012,793,,卡塔尔工业/Industries Qatar,卡塔尔,45,22,101,214
2012,794,,安格鲁阿山帝/AngloGold Ashanti,南非,59,13,107,147
2012,795,,德尔海兹集团/Delhaize Group,比利时,274,6,159,53
2012,795,,房利美/Fannie Mae,美国,1377,-169,32115,18
2012,795,,韩国湖南石化/Honam Petrochemical,韩国,142,9,93,91
2012,798,,阿瓦尔集团/Grupo Aval,哥伦比亚,48,4,510,137
2012,799,,奈克森石油/Nexen,加拿大,63,7,197,102
2012,800,,利雅得银行/Riyad Bank,沙特,20,8,482,108
2012,801,,山田电机/Yamada Denki,日本,259,9,110,60
2012,802,,墨西哥电器集团/Grupo Elektra,墨西哥,37,21,127,217
2012,803,,世康/Secom,日本,80,7,130,113
2012,804,,保利地产/Poly Real Estate Group,中国,54,7,231,102
2012,805,,富士重工/Fuji Heavy Industries,日本,190,6,143,64
2012,806,,大和房屋工业/Daiwa House Industry,日本,203,3,219,77
2012,807,,住友化工/Sumitomo Chemical,日本,238,3,283,71
2012,808,,讯销集团/Fast Retailing,日本,107,7,69,216
2012,809,,华润置地/China Resources Land,中国香港,48,10,232,96
2012,810,,房地美/Freddie Mac,美国,883,-53,21472,10
2012,811,,盖普/Gap,美国,145,8,74,124
2012,812,,莫德罗公司/Grupo Modelo,墨西哥,65,9,91,226
2012,813,,比利时电信/Belgacom,比利时,83,10,106,105
2012,814,,威廉姆斯公司/Williams Cos,美国,79,4,165,180
2012,815,,赛门铁克/Symantec,美国,67,8,122,133
2012,816,,福陆/Fluor,美国,234,6,83,106
2012,817,,天达银行/Investec,英国,60,7,815,54
2012,818,,安捷伦科技/Agilent Technologies,美国,67,10,91,159
2012,819,,生化基因/Biogen Idec,美国,50,12,90,287
2012,820,,天合汽车控股/TRW Automotive Holdings,美国,162,12,103,59
2012,821,,日本东急/Tokyu,日本,139,5,232,61
2012,822,,东京电力/Tokyo Electric Power,日本,646,-150,1785,43
2012,823,,BBBY家居/Bed Bath & Beyond,美国,93,9,59,159
2012,823,,仁宝电脑/Compal Electronics,中国台湾,304,8,114,51
2012,823,,西尔斯控股公司/Sears Holdings,美国,416,-31,214,88
2012,826,,起源能源公司/Origin Energy,澳大利亚,111,2,285,148
2012,827,,印度铝工业公司/Hindalco Industries,印度,161,6,189,54
2012,827,,村田制作所/Murata Manufacturing,日本,74,6,118,134
2012,829,,住友金属工业公司/Sumitomo Metal Industries,日本,169,-1,288,97
2012,830,,会德丰/Wheelock & Co,中国香港,31,26,368,65
2012,831,,联邦电网/Federal Grid,俄罗斯,37,6,351,146
2012,832,,波兰KGHM金属/KGHM Polska Miedz,波兰,64,32,88,98
2012,833,,盖尔道冶金/Metalurgica Gerdau,巴西,190,4,261,53
2012,834,,美国资本代理公司/American Capital Agency Corp.,美国,11,8,580,88
2012,834,,夏普/Sharp,日本,364,2,336,67
2012,836,,积水建筑/Sekisui House,日本,201,4,187,65
2012,837,,中国水利水电建设股份有限公司/Sinohydro Group,中国,154,4,183,66
2012,837,,威德福国际公司/Weatherford International,瑞士,130,3,207,132
2012,839,,德国汉莎航空/Deutsche Lufthansa,德国,400,0,364,63
2012,839,,自由全球公司/Liberty Global,美国,95,-8,364,136
2012,841,,江西铜业/Jiangxi Copper,中国,116,8,83,119
2012,842,,苏威集团/Solvay,比利时,105,3,242,100
2012,843,,Ageas保险集团/Ageas,比利时,157,-7,1118,61
2012,844,,朵夫机械设备/Dover,美国,80,9,95,118
2012,845,,瑞典SKF集团/SKF Group,瑞典,96,9,85,115
2012,846,,FMG集团/Fortescue Metals Group,澳大利亚,58,11,86,191
2012,846,,有限品牌公司/Limited Brands,美国,104,8,65,139
2012,848,,加拿大能源公司/EnCana,加拿大,85,1,339,151
2012,849,,爱瑞华集团/Areva,法国,115,-31,394,100
2012,850,,华润电力控股/China Resources Power Holdings,中国香港,62,6,184,93
2012,851,,爱力根/Allergan,美国,54,9,85,283
2012,852,,第一海湾银行/First Gulf Bank,阿联酋,23,10,429,81
2012,853,,新世界发展/New World Development,中国香港,42,12,294,76
2012,854,,CF实业控股/CF Industries Holdings,美国,61,15,90,121
2012,855,,卡纳拉银行/Canara Bank,印度,58,9,761,43
2012,856,,住宅地产/Equity Residential,美国,20,9,167,180
2012,857,,秘鲁信贷公司/Credicorp,秘鲁,33,7,306,120
2012,858,,中兴通讯/ZTE,中国,107,5,129,97
2012,859,,阿莫林/Ameren,美国,75,5,236,76
2012,860,,俄罗斯北方钢铁/Severstal,俄罗斯,135,-6,193,146
2012,861,,华润创业/China Resources Enterprise,中国香港,142,4,145,94
2012,862,,上海电力集团/Shanghai Electric Group,中国,96,4,147,107
2012,863,,法国再险/SCOR,法国,104,4,407,52
2012,864,,土耳其电信/Turk Telekom,土耳其,63,11,84,150
2012,865,,安奈利资产管理/Annaly Capital Management,美国,36,3,1096,157
2012,866,,诺德斯特姆公司/Nordstrom,美国,109,7,85,114
2012,867,,佩诺尔斯工业公司/Industrias Pe?oles,墨西哥,69,9,57,190
2012,868,,东京电子/Tokyo Electron,日本,80,9,95,103
2012,869,,汽车地带/AutoZone,美国,83,9,61,148
2012,870,,波士顿科学公司/Boston Scientific,美国,76,4,213,89
2012,871,,PZU集团/Grupa PZU,波兰,59,8,151,92
2012,872,,东北电力/Tohoku Electric Power,日本,206,-4,466,60
2012,873,,纳斯帕斯集团/Naspers,南非,49,8,102,229
2012,874,,乐金显示/LG Display,韩国,210,-7,206,93
2012,875,,沙特不列颠银行/Saudi British Bank,沙特,15,8,370,91
2012,876,,巴罗塞集团/B?loise Group,瑞士,101,5,698,42
2012,876,,莫比利公司/Mobily,沙特,53,14,100,118
2012,878,,全日空/All Nippon Airways,日本,163,3,221,77
2012,879,,大日本印刷/Dai Nippon Printing,日本,191,3,195,70
2012,880,,印度烟草/ITC,印度,50,11,59,336
2012,881,,沙特法国银行/Banque Saudi Fransi,沙特,14,8,375,88
2012,882,,理光/Ricoh,日本,234,2,269,72
2012,883,,高知特信息技术/Cognizant Technology,美国,61,9,55,233
2012,883,,米兰投资银行/Mediobanca,意大利,52,5,1084,56
2012,885,,嘉德置地/CapitaLand,新加坡,23,8,272,104
2012,886,,墨西哥水泥集团/Cemex,墨西哥,135,-14,375,79
2012,887,,兰德证券集团/Land Securities Group,英国,11,20,171,91
2012,888,,晟碟半导体/SanDisk,美国,57,10,102,122
2012,889,,德克夏银行/Dexia,比利时,248,-151,5358,8
2012,890,,万欧卡/Oneok,美国,148,4,137,86
2012,891,,皇家加勒比邮轮/Royal Caribbean Cruises,利比里亚,75,6,198,67
2012,892,,扎因集团/Zain,科威特,47,10,118,131
2012,893,,安富利集团/Avnet,美国,267,7,102,52
2012,894,,沃那多房产/Vornado Realty,美国,29,7,204,155
2012,895,,圣保罗州基础卫生公司/Sabesp,巴西,56,10,140,84
2012,896,,亚通集团/Axiata Group,马来西亚,52,7,127,142
2012,897,,大宇造船海洋公司/DSME,韩国,113,7,146,58
2012,898,,东亚银行/Bank of East Asia,中国香港,32,6,787,81
2012,898,,柏林银行/Landesbank Berlin,德国,66,4,1754,54
2012,900,,美的集团/GD Midea Holding,中国,148,6,96,74
2012,901,,冠群电脑/CA,美国,48,9,118,132
2012,902,,斯道拉恩索公司/Stora Enso,芬兰,142,4,167,60
2012,903,,凯捷咨询/Capgemini,法国,126,5,125,69
2012,904,,赛露罗莎纸业/SCA,瑞典,118,1,202,125
2012,905,,德纳加国家电力/Tenaga Nasional,马来西亚,108,2,250,114
2012,906,,葡萄牙电信/Portugal Telecom,葡萄牙,49,76,195,46
2012,907,,日本电产/Nidec,日本,83,6,88,129
2012,908,,碧桂园/Country Garden Holdings,中国,55,9,168,71
2012,909,,兆丰金融控股/Mega Financial Holding,中国台湾,19,5,860,82
2012,909,,迅达控股/Schindler Holding,瑞士,82,7,80,145
2012,911,,电能实业/Power Assets Holdings,中国香港,13,12,122,160
2012,912,,地区金融公司/Regions Financial,美国,64,-2,1270,91
2012,913,,景顺集团/Invesco,百慕大,41,7,193,117
2012,914,,尤那坶集团/Unum Group,美国,103,2,602,71
2012,915,,航星国际/Navistar Intl,美国,143,16,115,29
2012,916,,国油化学/Petronas Chemicals,马来西亚,46,10,96,177
2012,916,,潍柴动力/Weichai Power,中国,95,10,78,88
2012,918,,马辛德拉公司/Mahindra & Mahindra,印度,81,7,112,83
2012,919,,印度天然气/GAIL (India),印度,79,9,90,93
2012,919,,苏宁电器/Suning Appliance,中国,114,6,66,125
2012,921,,惠尔浦/Whirlpool,美国,187,4,152,59
2012,922,,爱尔兰银行/Bank of Ireland,爱尔兰,103,1,1993,58
2012,923,,日本电气/NEC,日本,375,-2,296,54
2012,924,,现代建设/Hyundai Engineering,韩国,108,6,102,83
2012,925,,味之素/Ajinomoto,日本,145,4,129,80
2012,926,,安姆科/Amcor,澳大利亚,133,4,116,90
2012,927,,美国再险集团/Reinsurance Group of America,美国,88,6,321,43
2012,928,,探索通讯/Discovery Communications,美国,42,11,119,124
2012,929,,萨瓦德尔银行/Banco de Sabadell,西班牙,56,3,1291,71
2012,930,,横滨银行/Bank of Yokohama,日本,34,6,1505,66
2012,931,,伟创力国际/Flextronics International,新加坡,299,5,115,51
2012,931,,英帕拉铂金控股/Impala Platinum Holdings,南非,49,10,100,134
2012,931,,桑托斯公司/Santos,澳大利亚,26,8,161,145
2012,934,,东京电气化学工业公司/TDK,日本,105,5,122,72
2012,935,,格兰杰公司/WW Grainger,美国,81,7,47,150
2012,936,,安徽海螺水泥/Anhui Conch Cement,中国,52,9,91,141
2012,937,,通力公司/Kone,芬兰,68,8,59,149
2012,938,,西联汇款/Western Union,美国,55,12,91,112
2012,939,,波兰天然气集团/Pgnig Group,波兰,72,8,114,75
2012,940,,金光农业资源/Golden Agri-Resources,新加坡,58,12,118,72
2012,941,,圣裘德医疗设备公司/St Jude Medical,美国,56,8,90,137
2012,942,,加拿大太平洋铁路公司/Canadian Pacific Railway,加拿大,51,6,139,133
2012,942,,Priceline.com/Priceline.com,美国,44,11,40,336
2012,944,,日本中国电力/Chugoku Electric Power,日本,132,0,332,69
2012,945,,中国建材集团/China National Building,中国,79,5,168,68
2012,946,,培生/Pearson,英国,91,2,170,158
2012,947,,洲际交易所/IntercontinentalExchange,美国,13,5,361,101
2012,948,,现代半导体/Hynix Semiconductor,韩国,94,-1,149,178
2012,948,,罗斯服饰零售/Ross Stores,美国,86,7,33,128
2012,950,,可口可乐企业/Coca-Cola Enterprises,美国,83,7,91,84
2012,951,,梅迪奥兰公司/Mediolanum,意大利,151,3,435,36
2012,952,,巴拉特石油/Bharat Petroleum,印度,322,4,150,48
2012,953,,土耳其VakifBank银行/VakifBank,土耳其,44,8,495,48
2012,954,,意法半导体/STMicroelectronics,瑞士,90,6,109,75
2012,955,,HCP公司/HCP,美国,17,5,174,165
2012,956,,瑞迪卡业/Redecard,巴西,15,8,155,132
2012,957,,拉夫・劳伦/Ralph Lauren,美国,67,7,53,164
2012,958,,麦格劳-希尔公司/McGraw-Hill Cos,美国,62,9,64,132
2012,959,,菲纳逖斯/Finatis,法国,454,0,435,4
2012,960,,德雷克集团/Delek Group,以色列,126,5,259,21
2012,961,,纯牌零件/Genuine Parts,美国,125,6,59,98
2012,962,,莎利集团/Sara Lee,美国,90,5,82,127
2012,963,,斯坦国际控股/Steinhoff International,南非,64,8,148,62
2012,963,,大和控股/Yamato Holdings,日本,149,4,106,73
2012,965,,卡麦隆集团/Cameron International,美国,70,5,94,130
2012,966,,蓝格赛/Rexel,法国,165,4,125,58
2012,967,,亚美利交易控股公司/TD Ameritrade Holding,美国,28,6,201,110
2012,968,,金田公司/Gold Fields,南非,52,9,103,102
2012,969,,印尼国家银行/Bank Negara Indonesia,印尼,31,6,329,78
2012,970,,网络应用公司/NetApp,美国,60,6,88,158
2012,971,,中信金融/Chinatrust Financial,中国台湾,23,5,621,74
2012,972,,温德尔公司/Wendel,法国,77,7,197,46
2012,973,,恩斯克公司/Ensco,英国,28,6,179,134
2012,974,,百度/Baidu,中国,22,10,37,475
2012,974,,泰京银行/Krung Thai Bank,泰国,33,5,623,67
2012,976,,西部数据公司/Western Digital,美国,93,7,78,90
2012,977,,阿提哈利瓦法银行/Attijariwafa Bank,摩洛哥,31,5,400,83
2012,978,,电通广告/Dentsu,日本,221,3,133,78
2012,979,,以色列人工银行/Bank Hapoalim,以色列,42,6,904,48
2012,980,,热劳尼姆斯・马尔丁斯公司/Jeronimo Martins,葡萄牙,127,4,57,119
2012,981,,英飞凌科技/Infineon Technologies,德国,54,15,75,109
2012,982,,静冈银行/Shizuoka Bank,日本,24,4,1138,70
2012,983,,必得维斯特集团/Bidvest Group,南非,175,5,70,77
2012,984,,虚拟机件公司/VMware,美国,38,7,87,455
2012,985,,蔻驰/Coach,美国,45,10,31,224
2012,986,,哈萨克斯坦石油天然气勘探开发公司/KazMunaiGas Exploration,哈萨克斯坦,49,14,103,80
2012,987,,科斯莫石油/Cosmo Oil,日本,333,3,186,24
2012,988,,车里雅宾斯克钢铁集团/Mechel,俄罗斯,97,7,158,45
2012,989,,印度银行/Bank of India,印度,55,6,792,39
2012,989,,联想集团/Lenovo Group,中国,216,3,105,91
2012,991,,K+S公司/K+S,德国,72,8,78,99
2012,992,,以色列国民银行/Bank Leumi,以色列,42,7,924,45
2012,993,,因布萨金融集团/Grupo Inbursa,墨西哥,28,4,244,137
2012,994,,比利时国家银行/Banque Nationale Belgique,比利时,22,11,1002,13
2012,994,,金宝汤/Campbell Soup,美国,77,8,67,104
2012,994,,依视路国际/Essilor International,法国,54,7,79,181
2012,997,,三一重工/Sany Heavy Industry,中国,52,9,47,167
2012,998,,布拉斯科/Braskem,巴西,199,-3,200,63
2012,999,,迈兰/Mylan,美国,61,5,116,98
2012,1000,,公共电力/Public Power,希腊,78,7,217,11
2012,1001,,艾睿电子/Arrow Electronics,美国,214,6,98,46
2012,1002,,尼康/Nikon,日本,107,3,98,117
2012,1003,,劳瑞拉德/Lorillard,美国,45,11,30,171
2012,1004,,CSL公司/CSL,澳大利亚,45,10,52,185
2012,1004,,新生银行/Shinsei Bank,日本,54,5,1232,36
2012,1006,,康寿能源/Consol Energy,美国,60,6,125,77
2012,1006,,宾堡集团/Grupo Bimbo,墨西哥,96,4,95,109
2012,1008,,诺布尔能源/Noble Energy,美国,38,5,164,176
2012,1009,,费尔法克斯金融公司/Fairfax Financial,加拿大,75,0,334,86
2012,1010,,奥多比系统/Adobe Systems,美国,42,8,90,167
2012,1011,,房地亚保险/Fondiaria-SAI,意大利,194,-10,560,7
2012,1012,,艾尔帕索公司/El Paso,美国,49,1,243,225
2012,1013,,互动金融公司/Intact Financial,加拿大,54,5,194,78
2012,1013,,瓦卢雷克集团/Vallourec,法国,69,5,118,82
2012,1015,,雷塞卢公司/Resolution,英国,64,-1,1949,61
2012,1016,,大众仓储/Public Storage,美国,18,8,89,234
2012,1017,,中国南车/CSR,中国,97,4,111,85
2012,1018,,先锋自然资源/Pioneer Natural Resources,美国,28,8,115,136
2012,1019,,爱玛仕国际/Hermès International,法国,40,8,43,345
2012,1019,,豪赫蒂夫/Hochtief,德国,302,-2,201,53
2012,1021,,印度斯坦石油/Hindustan Petroleum,印度,289,4,156,20
2012,1021,,澳洲保险集团/Insurance Australia Group,澳大利亚,89,3,242,73
2012,1023,,广发证券/GF Securities,中国,17,6,145,138
2012,1024,,安舒龙保险/Assurant,美国,83,5,271,35
2012,1025,,全食超市/Whole Foods Market,美国,105,4,45,155
2012,1026,,富达国民信息服务/Fidelity National Info,美国,57,5,138,96
2012,1027,,意大利大众银行/Banco Popolare,意大利,83,3,1781,38
2012,1028,,阿拉伯国民银行/Arab National Bank,沙特,13,6,314,75
2012,1028,,启康药业连锁/Shoppers Drug Mart,加拿大,103,6,72,89
2012,1030,,图洛石油/Tullow Oil,英国,22,6,106,219
2012,1031,,华硕电脑/Asustek Computer,中国台湾,147,6,69,71
2012,1032,,千叶银行/Chiba Bank,日本,24,5,1267,56
2012,1033,,康师傅控股/Tingyi Holding,中国,79,4,58,174
2012,1034,,酋长国迪拜国民银行/Emirates NBD,阿联酋,40,6,775,48
2012,1034,,马格尼特公司/Magnit,俄罗斯,114,4,48,117
2012,1036,,埃法日建工/Eiffage,法国,178,3,381,37
2012,1037,,维邦公司/Verbund,奥地利,50,5,154,101
2012,1038,,AGL能源/AGL Energy,澳大利亚,76,6,104,72
2012,1039,,Genworth金融公司/Genworth Financial,美国,103,1,1143,45
2012,1039,,美泰公司/Mattel,美国,63,8,57,112
2012,1041,,信迪思医疗设备/Synthes,瑞士,37,9,85,204
2012,1042,,特索罗石油/Tesoro,美国,303,5,99,42
2012,1043,,王子制纸/Oji Paper,日本,142,3,193,53
2012,1043,,罗克韦尔自动化/Rockwell Automation,美国,61,7,53,119
2012,1045,,龙湖地产/Longfor Properties,中国,38,10,153,76
2012,1046,,三菱汽车/Mitsubishi Motors,日本,220,2,157,64
2012,1047,,以色列集团/Israel Corp,以色列,104,5,138,50
2012,1048,,肖氏通信/Shaw Communications,加拿大,49,6,125,91
2012,1049,,香港中华煤气/Hong Kong & China Gas,中国香港,25,7,93,201
2012,1050,,阿布扎比商业银行/Abu Dhabi Commercial Bank,阿联酋,25,8,500,48
2012,1051,,好时/Hershey,美国,61,6,44,136
2012,1052,,菲尼克斯集团控股公司/Phoenix Group Holdings,英国,117,0,1260,16
2012,1053,,雅芳/Avon Products,美国,113,5,77,82
2012,1054,,固特异轮胎/Goodyear,美国,228,3,176,30
2012,1055,,马自达汽车/Mazda Motor,日本,280,-7,210,49
2012,1056,,保时捷汽车控股/Porsche Automobil Holding,德国,0,0,428,192
2012,1057,,阿尔法系统/ALFA,墨西哥,131,4,99,71
2012,1057,,印度国家电网/Power Grid of India,印度,19,6,174,99
2012,1059,,西南航空/Southwest Airlines,美国,157,2,181,64
2012,1060,,双日控股/Sojitz,日本,483,2,249,23
2012,1061,,土耳其移动通信/Turkcell,土耳其,50,7,91,119
2012,1062,,阿达尼集团公司/Adani Enterprises,印度,59,6,143,67
2012,1063,,川崎重工/Kawasaki Heavy Industries,日本,148,3,158,52
2012,1064,,鞍钢股份/Angang Steel,中国,139,3,160,53
2012,1065,,澳门博彩控股/SJM Holdings,中国香港,61,7,43,117
2012,1066,,奎斯特诊断公司/Quest Diagnostics,美国,75,5,93,95
2012,1067,,巴西交易所/BM&F Bovespa,巴西,11,6,127,130
2012,1067,,CH罗宾逊全球物流/CH Robinson Worldwide,美国,103,4,21,107
2012,1069,,亨廷顿银行/Huntington Bancshares,美国,30,5,545,56
2012,1069,,SNS金融/SNS Reaal,荷兰,104,1,1664,8
2012,1071,,贵州茅台/Kweichow Moutai,中国,16,8,38,341
2012,1072,,近畿日本铁道/Kintetsu,日本,115,2,223,66
2012,1073,,乌尼泊尔公司/Unipol,意大利,145,-2,541,10
2012,1074,,惠好/Weyerhaeuser,美国,62,3,126,118
2012,1075,,爱迪生/Edison,意大利,147,-11,204,59
2012,1076,,XL集团/XL Group,爱尔兰,67,-5,446,69
2012,1077,,韩国煤气公司/Korea Gas,韩国,246,2,312,25
2012,1078,,凸版印刷/Toppan Printing,日本,187,1,203,52
2012,1079,,国电电力发展公司/GD Power Development,中国,62,4,229,63
2012,1080,,夏尔公司/Shire,爱尔兰,41,8,63,194
2012,1081,,哈萨克米斯铜业/Kazakhmys,英国,33,15,110,81
2012,1082,,BCI信用银行/BCI-Banco Credito,智利,26,5,310,71
2012,1083,,芬特斯公司/Ventas,美国,18,4,173,165
2012,1084,,科美利加/Comerica,美国,26,4,610,66
2012,1085,,生力集团/San Miguel,菲律宾,56,5,188,63
2012,1086,,美国电塔/American Tower,美国,24,4,122,249
2012,1086,,佩恩西部石油/Penn West Petroleum,加拿大,29,6,153,97
2012,1088,,海通证券/Haitong Securities,中国,16,5,157,125
2012,1089,,泰尔五金/Canadian Tire,加拿大,102,5,121,53
2012,1090,,法雷奥集团/Valeo,法国,141,6,108,44
2012,1091,,宣威-威廉斯/Sherwin-Williams,美国,88,4,52,111
2012,1092,,胜科工业/SembCorp Industries,新加坡,70,6,90,74
2012,1093,,大金工业/Daikin Industries,日本,140,2,135,78
2012,1094,,大东建托/Daito Trust Construction,日本,120,5,62,71
2012,1095,,斯多克兰房产/Stockland Australia,澳大利亚,26,8,156,76
2012,1096,,昭和壳牌石油公司/Showa Shell Sekiyu,日本,360,3,154,24
2012,1097,,耶罗公司/Cielo,巴西,23,10,25,180
2012,1098,,伊莱克斯/Electrolux Group,瑞典,147,3,107,68
2012,1098,,摩托罗拉移动/Motorola Mobility,美国,131,-2,97,119
2012,1100,,墨西哥广播集团/Grupo Televisa,墨西哥,45,5,111,131
2012,1101,,瑞典亚萨合莱/Assa Abloy,瑞典,61,6,81,112
2012,1102,,喜达屋酒店/Starwood Hotels,美国,56,5,96,110
2012,1102,,西田零售信托/Westfield Retail Trust,澳大利亚,3,9,131,80
2012,1104,,广州汽车/Guangzhou Automobile,中国,91,7,77,67
2012,1104,,赫尔维西亚公司/Helvetia,瑞士,85,3,417,32
2012,1106,,三菱日联租赁/Mitsubishi UFJ Lease,日本,87,3,447,39
2012,1107,,彭尼公司/JC Penney,美国,173,-2,114,78
2012,1108,,日本乐天/Rakuten,日本,49,0,245,135
2012,1109,,库柏工业/Cooper Industries,爱尔兰,54,8,64,101
2012,1110,,纽约社区银行/New York Community,美国,21,5,420,61
2012,1110,,优美科/Umicore,比利时,188,4,47,64
2012,1112,,爱尔兰瑞安航空/Ryanair Holdings,爱尔兰,51,5,122,82
2012,1113,,大英地产/British Land,英国,5,13,116,72
2012,1114,,日东电工/Nitto Denko,日本,77,7,78,72
2012,1115,,鹿岛建设/Kajima,日本,159,3,195,33
2012,1116,,SES公司/SES,卢森堡,22,8,114,99
2012,1117,,胡椒博士集团/Dr Pepper Snapple Group,美国,59,6,93,82
2012,1117,,统一集团/Uni-President,中国台湾,118,4,97,65
2012,1119,,凯业集团/IOI Group,马来西亚,53,7,65,110
2012,1119,,兴业资本/RHB Capital,马来西亚,22,5,481,57
2012,1121,,罗格朗/LeGrand,法国,55,6,85,99
2012,1121,,OTP银行/OTP Bank,匈牙利,57,3,421,50
2012,1123,,百丽国际控股/Belle International Holdings,中国香港,46,7,40,155
2012,1124,,印度国家矿业开发公司/NMDC,印度,26,15,64,125
2012,1124,,齐默控股/Zimmer Holdings,美国,45,8,85,114
2012,1126,,雅玛哈摩托/Yamaha Motor,日本,166,4,117,48
2012,1127,,西日城市银行/Nishi-Nippon City Bank,日本,19,6,885,23
2012,1128,,弗雷斯尼洛矿业/Fresnillo,墨西哥,20,8,28,204
2012,1129,,领汇房产基金/Link REIT,中国香港,7,20,88,83
2012,1130,,纽约-泛欧交易所集团/NYSE Euronext,美国,46,6,131,76
2012,1131,,银瑞达集团/Investor,瑞典,28,-13,312,170
2012,1132,,莱特购控股/Shoprite Holdings,南非,107,4,30,99
2012,1133,,快达航空公司/Qantas Airways,澳大利亚,160,3,223,42
2012,1134,,上海国际港务集团/Shanghai International Port,中国,29,8,100,108
2012,1135,,阿匹克控股/Alpiq Holding,瑞士,158,-15,186,52
2012,1136,,复星国际/Fosun International,中国,68,6,178,40
2012,1137,,加拿大油砂/Canadian Oil Sands,加拿大,38,11,85,107
2012,1138,,大和证券/Daiwa Securities,日本,42,-4,2029,70
2012,1139,,AMR公司/AMR,美国,240,-20,238,2
2012,1139,,博格华纳/BorgWarner,美国,71,6,60,94
2012,1141,,澳利卡/Orica,澳大利亚,60,6,72,101
2012,1142,,瑞士通用公证集团/SGS,瑞士,51,6,49,147
2012,1143,,国际公众企业/Interpublic Group,美国,70,5,129,53
2012,1144,,永利度假/Wynn Resorts,美国,53,6,69,128
2012,1145,,CIT财务集团/CIT Group,美国,47,0,452,87
2012,1146,,华泰证券/Huatai Securities,中国,17,5,172,88
2012,1146,,联胜地产/Lend Lease,澳大利亚,98,5,129,43
2012,1148,,塞拉尼斯/Celanese,美国,68,6,85,74
2012,1149,,乌斯坦罗/W&W-Wüstenrot,德国,88,2,1016,19
2012,1150,,达维它/DaVita,美国,70,5,89,83
2012,1151,,CMS能源/CMS Energy,美国,65,4,165,56
2012,1152,,河北钢铁集团/Hebei Iron & Steel,中国,177,2,163,52
2012,1153,,石川岛建机株式会社/IHI,日本,143,4,159,37
2012,1154,,财捷公司/Intuit,美国,41,7,50,177
2012,1155,,JS集团/JS Group,日本,146,2,140,65
2012,1156,,威斯康星能源/Wisconsin Energy,美国,45,5,139,80
2012,1157,,库世塔德/Couche Tard,加拿大,217,4,42,58
2012,1158,,德事隆/Textron,美国,113,2,136,77
2012,1159,,达索飞机/Dassault Aviation,法国,46,4,132,93
2012,1159,,美元树/Dollar Tree,美国,66,5,23,111
2012,1161,,科威特金融公司/Kuwait Finance House,科威特,29,3,483,85
2012,1162,,五粮液集团/Wuliangye Yibin,中国,22,7,44,224
2012,1163,,瑞士宝盛集团/Julius Baer Group,瑞士,22,3,566,85
2012,1164,,伊士曼化学/Eastman Chemical,美国,72,7,62,71
2012,1165,,菲律宾长途电话公司/PLDT,菲律宾,36,7,89,136
2012,1166,,森林实验室/Forest Labs,美国,47,11,73,89
2012,1167,,亿旺资讯/Advanced Info Service,泰国,40,7,25,166
2012,1167,,新光金融/Shin Kong Financial,中国台湾,92,2,700,28
2012,1169,,通用成长置业公司/General Growth Properties,美国,27,-3,295,159
2012,1170,,挪威第二电信/Tele2,瑞典,59,7,64,86
2012,1171,,星狮集团/Fraser & Neave,新加坡,48,7,106,75
2012,1172,,恒隆集团/Hang Lung Group,中国香港,8,4,210,88
2012,1173,,拜尔斯道夫/Beiersdorf,德国,73,3,67,161
2012,1174,,AMMB控股/AMMB Holdings,马来西亚,19,4,356,61
2012,1175,,美卓/Metso,芬兰,86,5,84,73
2012,1176,,IDB控股/IDB Holding,以色列,122,2,393,3
2012,1176,,特尔尼翁钢铁集团/Ternium,卢森堡,92,5,107,50
2012,1178,,塞拉西药店/Celesio,德国,312,3,111,34
2012,1179,,意大利国家电网/Terna,意大利,21,6,169,77
2012,1180,,伦巴第银行/UBI Banca,意大利,68,2,1737,43
2012,1181,,智利林业与纸制品公司/Empresas CMPC,智利,44,5,132,93
2012,1182,,普罗基思/Prologis,美国,15,-2,277,162
2012,1183,,自然资源/NiSource,美国,60,3,207,67
2012,1183,,Tasnee/Tasnee,沙特,52,7,107,67
2012,1185,,普莱斯地产基金/T Rowe Price,美国,27,8,38,164
2012,1186,,圣埃斯皮里托金融/Espirito Santo Financiall,卢森堡,78,2,1163,8
2012,1187,,FCC公司/FCC,西班牙,152,1,284,30
2012,1188,,三菱材料/Mitsubishi Materials,日本,160,2,220,44
2012,1188,,沙特化肥/Saudi Arabian Fertilizers,沙特,13,11,25,125
2012,1190,,中海油田服务/China Oilfield Services,中国,29,6,103,112
2012,1191,,美光科技/Micron Technology,美国,86,-2,142,87
2012,1192,,比瑞利光纤/Pirelli & C,意大利,79,6,87,58
2012,1193,,考文垂医保/Coventry Health Care,美国,122,5,88,48
2012,1193,,GS控股集团/GS Holdings,韩国,77,7,90,52
2012,1195,,车梅仕/CarMax,美国,98,4,76,78
2012,1196,,香港交易及结算所/HK Exchanges & Clearing,中国香港,9,7,70,195
2012,1197,,Quinenco/Quinenco,智利,28,6,434,43
2012,1198,,紫金矿业/Zijin Mining Group,中国,42,7,58,134
2012,1199,,比利时克鲁特超市/Colruyt,比利时,103,5,43,69
2012,1200,,奇美电子/Chimei Innolux,中国台湾,169,-5,241,38
2012,1201,,让慕果/Remgro,南非,18,14,83,89
2012,1202,,联合应用公司/United Utilities,英国,24,7,150,66
2012,1203,,保谷光学/Hoya,日本,50,7,65,98
2012,1204,,乌斯米纳斯/Usiminas,巴西,64,1,175,91
2012,1205,,三井化学/Mitsui Chemicals,日本,167,3,156,32
2012,1206,,江森麦蒂/Johnson Matthey,英国,160,3,51,82
2012,1206,,奥莱利汽车/O'Reilly Automotive,美国,58,5,55,113
2012,1208,,希罗德投资银行/Schroders,英国,24,5,215,68
2012,1209,,益伯利集团/Experian Group,爱尔兰,44,6,72,154
2012,1210,,雷盛德奎/Rexam,英国,74,6,91,59
2012,1211,,阿文戈亚太阳能公司/Abengoa,西班牙,92,3,231,18
2012,1211,,欧莱康建筑/Orascom Construction Inds,埃及,47,6,94,90
2012,1213,,中国北车/China CNR,中国,94,3,117,70
2012,1214,,三星工程公司/Samsung Engineering,韩国,80,4,45,87
2012,1215,,卡尔派/Calpine,美国,68,-2,174,85
2012,1215,,卜蜂集团（正大集团）/Charoen Pokphand Foods,泰国,65,5,50,95
2012,1217,,重庆农业银行/Chongqing Rural Bank,中国,18,5,431,50
2012,1218,,Maxis公司/Maxis,马来西亚,28,8,56,147
2012,1219,,亚马纳黄金公司/Yamana Gold,加拿大,22,5,108,116
2012,1220,,米利康姆国际/Millicom International,卢森堡,42,9,70,111
2012,1221,,普洛斯公司/Global Logistic Properties,新加坡,5,7,117,80
2012,1222,,东方电气/Dongfang Electric,中国,57,4,124,72
2012,1223,,可口可乐希腊装瓶/Coca-Cola HBC,希腊,89,3,94,72
2012,1224,,迪拜环球港务集团/DP World,阿联酋,31,4,193,91
2012,1225,,莫尔-库尔斯酿酒公司/Molson Coors Brewing,美国,35,7,124,78
2012,1226,,奥托立夫/Autoliv,瑞典,82,6,61,62
2012,1226,,拉比格石油/Petro Rabigh,沙特,142,0,133,60
2012,1228,,中国招商证券/China Merchants Securities,中国,12,5,145,89
2012,1229,,贝尔芬格伯格/Bilfinger & Berger,德国,106,5,98,45
2012,1229,,印度联合银行/Union Bank of India,印度,42,5,531,24
2012,1231,,捷普电子/Jabil Circuit,美国,168,4,72,56
2012,1231,,美国钢铁/US Steel,美国,199,-1,161,45
2012,1233,,BTA银行/BTA Bank,哈萨克斯坦,14,67,129,2
2012,1234,,旅游联盟国际集团/TUI,德国,234,0,179,19
2012,1234,,俄罗斯乌拉尔钾肥公司/Uralkali,俄罗斯,17,5,24,239
2012,1236,,高鑫零售有限公司/Sun Art Retail Group,中国,108,3,65,134
2012,1237,,STX公司/STX Corp,韩国,170,0,212,8
2012,1238,,丰隆金融集团/Hong Leong Financial Group,马来西亚,17,6,515,41
2012,1239,,中国招商控股/China Merchants Holdings,中国香港,7,8,101,87
2012,1240,,友达光电/AU Optronics,中国台湾,129,-21,202,46
2012,1241,,阪急阪神/Hankyu Hanshin,日本,77,2,279,53
2012,1242,,Medipal控股/Medipal Holdings,日本,320,0,155,30
2012,1243,,仁士德信息服务/Randstad Holding,荷兰,210,2,92,67
2012,1243,,四国电力/Shikoku Electric Power,日本,71,3,161,63
2012,1245,,MISC公司/MISC,马来西亚,39,6,127,75
2012,1246,,万豪国际/Marriott International,美国,123,2,59,127
2012,1247,,朗盛/Lanxess,德国,95,5,74,61
2012,1248,,金达莱钢和能源/Jindal Steel & Power,印度,29,8,81,107
2012,1248,,利尔/Lear,美国,142,5,70,47
2012,1250,,葡萄牙商业银行/Banco Comercial Português,葡萄牙,66,-10,1194,15
2012,1251,,瞻博网络/Juniper Networks,美国,44,4,100,113
2012,1252,,吉恩士/Keyence,日本,22,7,76,140
2012,1253,,YTL集团/YTL,马来西亚,61,3,160,59
2012,1254,,赫兹/Hertz Global Holdings,美国,83,2,177,63
2012,1254,,荷美尔食品/Hormel Foods,美国,80,5,43,76
2012,1254,,奥克拉食品/Orkla,挪威,102,-1,111,82
2012,1257,,欧银耳嘎斯银行/EFG Eurobank Ergasias,希腊,64,1,1163,6
2012,1258,,太阳石油/Sunoco,美国,446,-17,120,43
2012,1259,,朗博/Brambles,澳大利亚,50,5,77,110
2012,1260,,阿尔特拉/Altera,美国,21,8,43,127
2012,1261,,奥卓拉银行/Aozora Bank,日本,15,4,588,46
2012,1261,,周大福珠宝金行/Chow Tai Fook Jewellery,中国香港,45,5,37,164
2012,1263,,盛美家/JM Smucker,美国,54,5,92,87
2012,1264,,萨普托/Saputo,加拿大,66,5,37,86
2012,1264,,SL Green Realty/[SL Green Realty]],美国,13,6,135,68
2012,1266,,比亚迪/BYD,中国,71,4,81,85
2012,1267,,城市发展银行/City Developments,新加坡,25,6,115,82
2012,1268,,自由媒体公司/Liberty Media,美国,30,8,77,108
2012,1269,,A2A公司/A2A,意大利,79,4,160,28
2012,1269,,Next/Next,英国,55,6,29,78
2012,1269,,动力金融/Power Finance,印度,23,6,235,50
2012,1269,,联华电子/United Microelectronics,中国台湾,43,8,95,66
2012,1273,,可口可乐阿马提装瓶/Coca-Cola Amatil,澳大利亚,49,6,62,96
2012,1274,,美国模拟器件公司/Analog Devices,美国,29,8,53,118
2012,1275,,Petrofac公司/Petrofac,英国,56,5,49,92
2012,1276,,布埃纳文图拉矿业公司/Buenaventura,秘鲁,15,9,38,107
2012,1277,,尼尔森控股/Nielsen Holdings,荷兰,55,1,145,109
2012,1277,,Subsea 7海下作业公司/Subsea 7,英国,55,4,92,84
2012,1279,,东京东京租赁/Century Tokyo Leasing,日本,86,3,263,22
2012,1280,,嘉里集团/Kerry Group,爱尔兰,69,5,68,80
2012,1281,,IDBI银行/IDBI Bank,印度,47,4,568,21
2012,1282,,SMC汽动控制/SMC,日本,39,6,85,118
2012,1283,,直觉外科手术公司/Intuitive Surgical,美国,18,5,31,208
2012,1284,,Brenntag/Brenntag,德国,121,4,71,60
2012,1285,,阿驰奥纳建筑集团/Acciona,西班牙,86,3,253,43
2012,1286,,Exxaro资源/Exxaro Resources,南非,15,9,45,98
2012,1286,,奥兰国际/Olam International,新加坡,129,4,102,46
2012,1288,,泰国石油/Thai Oil,泰国,141,5,49,47
2012,1289,,山崎汽船株式会社/Kawasaki Kisen Kaisha,日本,119,4,119,17
2012,1290,,格西那公司/Gecina,法国,10,5,156,66
2012,1291,,苏比维鲁/Supervalu,美国,365,-5,128,13
2012,1292,,西南能源/Southwestern Energy,美国,30,6,79,121
2012,1293,,高乐氏/Clorox,美国,53,6,43,89
2012,1294,,LabCorp公司/LabCorp,美国,55,5,61,88
2012,1294,,诺布尔集团/Noble,瑞士,27,4,135,104
2012,1296,,波士顿地产/Boston Properties,美国,18,3,148,157
2012,1297,,远东新世纪/Far Eastern New Century,中国台湾,69,4,100,56
2012,1297,,第一太平/First Pacific,中国香港,57,6,125,45
2012,1297,,Kinnevik公司/Kinnevik,瑞典,13,10,102,63
2012,1300,,博尔/Ball,美国,86,4,73,65
2012,1301,,东北公用/Northeast Utilities,美国,45,4,156,65
2012,1302,,伍德集团/Wood Group,英国,55,22,38,44
2012,1303,,阿拉伯银行/Arab Bank,约旦,21,3,456,60
2012,1304,,三越伊势丹/Isetan Mitsukoshi Holdings,日本,147,0,148,45
2012,1305,,WR 柏克利/WR Berkley,美国,52,4,185,49
2012,1306,,康捷国际/Expeditors International,美国,62,4,29,97
2012,1307,,哈雷-戴维森/Harley-Davidson,美国,35,0,240,114
2012,1308,,优尼卡保险集团/Uniqa,奥地利,81,1,369,23
2012,1309,,爱科集团/AGCO,美国,88,6,73,50
2012,1310,,达登饭店/Darden Restaurants,美国,77,4,59,67
2012,1311,,清水建设/Shimizu,日本,157,1,170,31
2012,1312,,FMC技术公司/FMC Technologies,美国,51,4,43,125
2012,1313,,Beam公司/Beam,美国,23,9,75,89
2012,1314,,久益环球/Joy Global,美国,47,6,62,85
2012,1314,,木星电信/Jupiter Telecomunications,日本,48,5,105,69
2012,1316,,KBR公司/KBR,美国,93,5,57,56
2012,1317,,阿弗瑞萨控股/Alfresa Holdings,日本,263,1,130,23
2012,1317,,亚什兰/Ashland,美国,70,4,125,49
2012,1319,,罗克韦尔公司/Rockwell Collins,美国,48,6,52,86
2012,1320,,美赞臣/Mead Johnson Nutrition,美国,37,5,28,162
2012,1321,,行业联合保险/Industrial Alliance Insurance,加拿大,79,1,368,30
2012,1322,,苏扎克糖业/Südzucker,德国,85,3,99,56
2012,1323,,HAL信托/HAL Trust,荷兰,50,6,77,78
2012,1324,,家万金百货/Family Dollar Stores,美国,87,4,31,67
2012,1325,,Bajaj 汽车/Bajaj Auto,印度,36,8,26,99
2012,1325,,德国基伊埃集团/GEA Group,德国,75,4,81,64
2012,1327,,布兰德斯帕/Bradespar,巴西,29,11,85,69
2012,1328,,日本纸业集团/Nippon Paper Group,日本,132,-3,187,25
2012,1329,,丹格特水泥/Dangote Cement,尼日利亚,13,7,26,109
2012,1330,,特许通讯/Charter Communications,美国,72,-4,156,64
2012,1331,,艾玛迪斯IT控股/Amadeus IT Holdings,西班牙,35,9,65,85
2012,1332,,纬创/Wistron,中国台湾,211,4,74,33
2012,1333,,日本运通/Nippon Express,日本,195,1,138,41
2012,1334,,台达电子/Delta Electronics,中国台湾,59,5,55,71
2012,1335,,凯撒娱乐/Caesars Entertainment,美国,88,-7,285,16
2012,1335,,马格尼托哥尔斯克钢铁/Magnitogorsk Iron & Steel,俄罗斯,77,3,167,54
2012,1337,,ICAP公司/ICAP,英国,28,3,1230,45
2012,1338,,智利化学矿业/SQM,智利,20,5,39,156
2012,1339,,大林集团/Obayashi,日本,136,2,176,32
2012,1340,,Bendigo & Adelaide银行/Bendigo & Adelaide Bank,澳大利亚,39,4,586,31
2012,1341,,科塔克银行/Kotak Mahindra Bank,印度,25,4,165,80
2012,1342,,大成建设株式会社/Taisei,日本,147,1,162,30
2012,1343,,SM投资/SM Investments,菲律宾,38,5,102,90
2012,1344,,Tomony控股/Tomony Holdings,日本,7,5,304,7
2012,1345,,亨利香恩/Henry Schein,美国,85,4,47,68
2012,1346,,NRG能源/NRG Energy,美国,91,2,267,38
2012,1347,,郝斯特酒店管理/Host Hotels & Resorts,美国,50,0,131,113
2012,1348,,埃萨能源/Essar Energy,英国,144,-5,161,26
2012,1349,,美国计算机科学公司/Computer Sciences,美国,160,-39,111,49
2012,1350,,费哲金融服务/Fiserv,美国,43,5,85,96
2012,1351,,PGN公司/PGN,印尼,22,7,35,101
2012,1352,,奥鲁比斯/Aurubis,德国,179,4,58,25
2012,1352,,雅各布工程/Jacobs Engineering,美国,107,4,61,60
2012,1354,,阿尔法银行/Alpha Bank,希腊,54,1,890,10
2012,1354,,沙士基达/Salzgitter,德国,127,3,120,34
2012,1354,,X5零售集团/X5 Retail Group,俄罗斯,112,3,86,67
2012,1357,,卡塔尔商业银行/Commercial Bank of Qatar,卡塔尔,11,5,196,50
2012,1358,,银河娱乐集团/Galaxy Entertainment Group,中国香港,53,4,46,107
2012,1359,,美卓公司/Metro Inc,加拿大,113,4,50,52
2012,1360,,MMI控股/MMI Holdings,南非,66,2,430,35
2012,1361,,内蒙古伊泰集团/Inner Mongolia Yitai,中国,27,9,48,83
2012,1362,,奥德金融/Financière de l'Odet,法国,118,3,122,26
2012,1363,,Denbury资源/Denbury Resources,美国,23,6,102,77
2012,1363,,思道布兰/Storebrand,挪威,56,1,672,24
2012,1365,,雅高集团/Accor,法国,79,0,102,81
2012,1366,,福冈金融集团/Fukuoka Financial Group,日本,30,3,1508,38
2012,1367,,G4S保安/G4S,英国,117,3,85,62
2012,1368,,美国金融集团/American Financial Group,美国,48,3,360,37
2012,1369,,小田电轨/Odakyu Electric Railway,日本,62,1,153,69
2012,1370,,吉凯恩集团/GKN,英国,89,4,76,53
2012,1371,,艾夫隆公寓/Avalonbay Communities,美国,10,4,85,132
2012,1372,,Assured Guaranty债券/Assured Guaranty,百慕大,18,8,181,34
2012,1373,,丹麦电信/TDC,丹麦,46,5,114,60
2012,1374,,CCR公司/CCR,巴西,28,5,64,142
2012,1374,,斯特贝/Strabag,奥地利,166,2,136,31
2012,1376,,布朗-福曼酒业/Brown-Forman,美国,27,6,37,114
2012,1376,,波赫约拉银行/Pohjola Bank,芬兰,49,3,533,37
2012,1378,,纽伦堡/Nürnberger,德国,77,0,295,9
2012,1379,,大陆资源/Continental Resources,美国,16,4,56,163
2012,1379,,电力发展有限公司/Electric Power Development,日本,77,2,236,45
2012,1381,,高丽亚铅公司/Korea Zinc,韩国,50,6,40,67
2012,1382,,中集集团/China International Marine,中国,78,5,81,52
2012,1383,,巴黎机场/Aéroports de Paris,法国,32,5,115,80
2012,1384,,金罗斯黄金公司/Kinross Gold,加拿大,39,-21,165,114
2012,1384,,KLA-Tencor/KLA-Tencor,美国,32,8,47,87
2012,1384,,韩国烟草人参公社/KT&G,韩国,32,7,54,91
2012,1387,,日月光半导体/Advanced Semiconductor,中国台湾,63,5,76,64
2012,1388,,阿克工程/Aker Solutions,挪威,61,9,56,45
2012,1388,,托马科/Torchmark,美国,34,5,172,51
2012,1390,,切点软件/Check Point Software,以色列,12,5,41,128
2012,1390,,RMB控股/RMB Holdings,南非,6,17,37,59
2012,1392,,武汉钢铁/Wuhan Iron & Steel,中国,115,3,116,49
2012,1393,,MSF公司/Mercantil Servicios,委内瑞拉,26,6,239,14
2012,1394,,社区保健系统/Community Health Sys,美国,136,2,152,22
2012,1395,,东武铁道/Tobu Railway,日本,67,2,173,56
2012,1395,,Valeant药业/Valeant Pharmaceuticals,加拿大,25,2,131,164
2012,1397,,大韩航空/Korean Air,韩国,106,-2,188,35
2012,1398,,西班牙电气/Red Eléctrica,西班牙,21,6,112,64
2012,1399,,Gudang Garam/Gudang Garam,印尼,42,5,34,115
2012,1400,,巴纳纳州电力公司/Copel,巴西,42,6,105,60
2012,1401,,沛齐/Paychex,美国,22,5,49,115
2012,1402,,GS工程/GS Engineering,韩国,82,4,96,46
2012,1403,,旺旺集团/Want Want China,中国,30,4,31,149
2012,1404,,宁波银行/Bank of Ningbo,中国,15,4,399,44
2012,1405,,CNO金融集团/CNO Financial Group,美国,41,4,333,19
2012,1406,,富力地产/Guangzhou R&F,中国,43,8,130,40
2012,1407,,斗山重工/Doosan Heavy Industries,韩国,77,2,124,63
2012,1408,,沃利帕森斯/WorleyParsons,澳大利亚,60,4,40,76
2012,1409,,伊玛尔地产/Emaar Properties,阿联酋,22,5,164,51
2012,1410,,江苏洋河酿酒业/Jiangsu Yanghe Brewery,中国,12,3,17,228
2012,1411,,恩维达科技/Nvidia,美国,40,6,56,90
2012,1412,,阿布扎比国家能源公司/TAQA,阿联酋,66,2,313,22
2012,1413,,Concho资源/Concho Resources,美国,17,5,68,106
2012,1414,,斯堪纳集团/Scana,美国,44,4,135,58
2012,1415,,施乐辉公司/Smith & Nephew,英国,41,6,45,89
2012,1416,,超威半导体/Advanced Micro Devices,美国,66,5,50,57
2012,1416,,Gjensidige Forsikring保险/Gjensidige Forsikring,挪威,36,5,147,59
2012,1416,,印度农村电气化集团/Rural Electrification,印度,19,6,200,41
2012,1416,,玲谦株式会社/Suzuken,日本,211,1,110,28
2012,1420,,QR National公司/QR National,澳大利亚,34,4,98,102
2012,1421,,英迈国际/Ingram Micro,美国,363,2,91,28
2012,1422,,护生/Protective Life,美国,36,3,529,24
2012,1423,,尤妮佳/Uni-Charm,日本,45,4,47,104
2012,1424,,瑞士BCV/BCV,瑞士,14,3,405,45
2012,1424,,瑞萨电子/Renesas Electronics,日本,137,-14,138,28
2012,1426,,石油及天然气发展/Oil & Gas Development,巴基斯坦,16,7,30,78
2012,1427,,齐昂银行集团/Zions Bancorp,美国,27,3,531,41
2012,1428,,Indorama Ventures/Indorama Ventures,泰国,59,5,46,62
2012,1429,,史密斯集团/Smiths Group,英国,47,6,57,67
2012,1430,,EXOR公司/EXOR,意大利,23,7,98,61
2012,1431,,柯尼卡-美能达/Konica Minolta,日本,94,3,98,46
2012,1432,,塞灵思公司/Xilinx,美国,23,6,43,98
2012,1433,,卡苏集团/Grupo Carso,墨西哥,60,4,52,73
2012,1434,,联发科技/MediaTek,中国台湾,30,5,41,120
2012,1435,,迈威尔科技集团/Marvell Technology Group,百慕大,34,6,58,90
2012,1436,,拉瓦林集团/SNC-Lavalin Group,加拿大,67,4,74,60
2012,1437,,巴西Banrisul银行/Banrisul,巴西,37,5,198,45
2012,1437,,伦敦证交所/London Stock Exchange,英国,10,2,1893,44
2012,1439,,募迪投资服务/Moody's,美国,23,6,29,95
2012,1440,,Silver Wheaton银业/Silver Wheaton,加拿大,7,5,28,117
2012,1441,,安费诺/Amphenol,美国,39,5,44,94
2012,1442,,保健不动产信托投资/Health Care REIT,美国,14,2,149,117
2012,1443,,大城银行/Bank of Ayudhya,泰国,24,3,299,53
2012,1444,,维京媒体/Virgin Media,美国,62,1,123,67
2012,1445,,韩国SK网络/SK Networks,韩国,249,1,96,24
2012,1446,,威凯化学/Wacker Chemie,德国,68,5,81,48
2012,1447,,西山煤电/Xishan Coal & Electricity,中国,48,4,61,80
2012,1448,,山西潞安环保/Shanxi Lu'an Environmental,中国,33,5,44,99
2012,1449,,DLF集团/DLF,印度,21,4,143,66
2012,1450,,利物普港公司/El Puerto de Liverpool,墨西哥,38,5,52,110
2012,1451,,南京银行/Bank of Nanjing,中国,12,4,336,43
2012,1452,,Cosan/Cosan,巴西,111,3,114,40
2012,1453,,德国恩卡/Enka,土耳其,46,5,71,70
2012,1454,,安华高科技/Avago Technologies,新加坡,23,6,25,92
2012,1455,,美国高明/Garmin,瑞士,28,5,45,98
2012,1456,,阿契资本集团/Arch Capital Group,百慕大,31,4,171,50
2012,1457,,领先汽车配件/Advance Auto Parts,美国,62,4,37,64
2012,1457,,现代Glovis公司/Hyundai Glovis,韩国,82,3,33,64
2012,1459,,中国太平保险/China Taiping Insurance,中国香港,69,1,243,35
2012,1459,,第一量子矿业/First Quantum Minerals,加拿大,26,5,53,95
2012,1459,,怀特山保险/White Mountains Insurance,百慕大,22,8,141,37
2012,1462,,华南金融控股/Hua Nan Financial,中国台湾,17,2,645,49
2012,1463,,快扣/Fastenal,美国,28,4,17,154
2012,1464,,Popolare dell'Emilia银行/Banca Popolare dell'Emilia,意大利,38,3,777,27
2012,1464,,积水化工/Sekisui Chemical,日本,110,3,92,47
2012,1466,,FDR公司/Foncière des Régions,法国,11,5,189,45
2012,1467,,拉加代尔/Lagardère,法国,107,-10,146,39
2012,1468,,东部火灾海上保险/Dongbu Insurance,韩国,81,3,164,30
2012,1469,,第一金融/First Financial Holding,中国台湾,14,2,702,47
2012,1470,,第一信托储蓄银行/First Republic Bank CA,美国,13,4,278,45
2012,1471,,纳伯斯公司/Nabors Industries,百慕大,61,2,129,60
2012,1471,,日本电气硝子/Nippon Electric Glass,日本,47,8,82,46
2012,1473,,世茂集团/Shimao Property Holdings,中国,33,7,143,37
2012,1474,,帝国/Empire,加拿大,164,3,65,38
2012,1474,,史密斯菲德食品/Smithfield Foods,美国,130,4,71,37
2012,1476,,长城汽车/Great Wall Motor,中国,47,5,43,67
2012,1477,,普拉达/Prada,意大利,28,3,30,156
2012,1478,,太平洋茜草能源/Pacific Rubiales Energy,加拿大,34,6,54,87
2012,1478,,台湾合作金库银行/Taiwan Cooperative Bank,中国台湾,17,3,918,41
2012,1480,,思杰系统/Citrix Systems,美国,22,4,41,145
2012,1481,,Lundbergs/Lundbergs,瑞典,33,7,125,42
2012,1482,,Elan公司/Elan,爱尔兰,12,6,18,85
2012,1483,,Severn Trent/Severn Trent,英国,27,4,123,60
2012,1484,,卡托里卡/Cattolica Assicurazioni,意大利,66,1,240,11
2012,1484,,马来西亚国家石油公司/Petronas Gas,马来西亚,11,5,35,104
2012,1486,,哈里斯/Harris,美国,60,5,62,51
2012,1486,,信和置业/Sino Land,中国香港,8,7,142,39
2012,1488,,阿法拉伐/Alfa Laval,瑞典,42,5,48,87
2012,1489,,鲍佛贝蒂/Balfour Beatty,英国,147,3,88,31
2012,1490,,蒙迪/Mondi,英国,77,4,73,47
2012,1491,,印度银行/Indian Bank,印度,24,4,273,20
2012,1492,,易买得/E-mart,韩国,69,3,96,63
2012,1493,,台新金融控股/Taishin Financial Holdings,中国台湾,24,3,842,27
2012,1494,,奥林巴斯/Olympus,日本,102,1,126,43
2012,1495,,耐斯特石油/Neste Oil,芬兰,200,2,94,31
2012,1496,,资生堂/Shiseido,日本,81,2,87,70
2012,1497,,玛斯拉夫艾尔雷恩银行/Masraf Al Rayan,卡塔尔,6,4,152,55
2012,1497,,台湾移动/Taiwan Mobile,中国台湾,28,5,31,101
2012,1499,,凯恩能源/Cairn Energy,英国,0,41,74,29
2012,1500,,希腊银行/Bank of Greece,希腊,26,2,1860,4
2012,1500,,印度国家水电公司/NHPC,印度,11,5,121,51
2012,1502,,东方商业银行/Oriental Bank of Commerce,印度,29,3,362,16
2012,1503,,中海集运/China Shipping Container,中国,53,6,74,49
2012,1504,,印度太阳药业/Sun Pharma Industries,印度,13,4,26,112
2012,1505,,五矿发展/Minmetals Development,中国,199,1,64,49
2012,1506,,芬兰瓦锡兰/W?rtsil?,芬兰,55,4,58,72
2012,1507,,生活创库百货/UNY,日本,136,1,113,20
2012,1508,,殷拓集团/EQT,美国,16,5,88,75
2012,1508,,韩华集团/Hanwha Corp,韩国,110,1,130,23
2012,1510,,智利国家航空/LAN Airlines,智利,52,3,76,97
2012,1511,,Viterra/Viterra,加拿大,124,2,72,61
2012,1512,,Crown Castle国际集团/Crown Castle International,美国,20,2,105,149
2012,1512,,塔塔电力/Tata Power,印度,43,5,113,50
2012,1514,,比雷埃夫斯银行/Piraeus Bank,希腊,41,0,768,6
2012,1515,,奥迪银行/Bank Audi,黎巴嫩,19,4,288,21
2012,1516,,生命技术公司/Life Technologies,美国,38,4,92,83
2012,1516,,通济隆集团/Thomas Cook Group,英国,153,-8,100,3
2012,1518,,北陆金融集团/Hokuhoku Financial Group,日本,26,2,1269,28
2012,1519,,OHL公司/OHL,西班牙,63,3,157,31
2012,1520,,信实通信/Reliance Communications,印度,50,3,212,38
2012,1520,,元大金融控股/Yuanta Financial Holding,中国台湾,10,3,219,58
2012,1522,,加拿大矿业能源公司/Cameco,加拿大,23,4,77,91
2012,1523,,阿拉哈巴德银行/Allahabad Bank,印度,28,3,340,18
2012,1523,,大众银行/Banca Civica,西班牙,39,2,911,16
2012,1525,,皮拉马尔保健公司/Piramal Healthcare,印度,6,29,40,16
2012,1526,,中国医药集团/Sinopharm Group,中国,105,2,63,66
2012,1527,,华电国际/Huadian Power International,中国,69,0,195,30
2012,1527,,OGX石油公司/OGX,巴西,0,-3,77,305
2012,1529,,娜图化妆品/Natura Cosmeticos,巴西,30,4,19,96
2012,1530,,日本精土/NSK,日本,85,3,95,43
2012,1531,,爱尔兰人寿银行/Irish Life & Permanent,爱尔兰,38,-2,987,22
2012,1532,,雅居乐地产控股/Agile Property Holdings,中国,36,7,130,41
2012,1533,,达维维恩达银行/Banco Davivienda,哥伦比亚,20,3,189,51
2012,1534,,温德姆酒店集团/Wyndham Worldwide,美国,43,4,90,66
2012,1535,,新科集团/Singapore Technologies,新加坡,46,4,56,76
2012,1535,,住友橡胶/Sumitomo Rubber,日本,88,4,86,35
2012,1537,,卡塔尔伊斯兰银行/Qatar Islamic Bank,卡塔尔,7,4,160,50
2012,1538,,汽车王国公司/AutoNation,美国,138,3,62,46
2012,1539,,北海道电力/Hokkaido Electric Power,日本,68,1,192,34
2012,1540,,莫斯科银行/Bank of Moscow,俄罗斯,29,-22,274,60
2012,1541,,山口金融控股集团/Yamaguchi Financial Group,日本,19,2,1051,24
2012,1542,,合生创展/Hopson Development,中国香港,18,8,117,11
2012,1543,,UCB制药公司/UCB,比利时,37,3,117,79
2012,1544,,印度英雄本田摩托车公司/Hero Honda Motors,印度,43,4,24,78
2012,1545,,儒博工业公司/Roper Industries,美国,28,4,53,96
2012,1546,,昭和电工/Showa Denko,日本,111,2,119,34
2012,1547,,NHN集团/NHN,韩国,19,4,20,100
2012,1548,,电玩站/GameStop,美国,97,4,54,32
2012,1549,,玛弗里格集团/Marfrig Group,巴西,96,1,131,22
2012,1550,,富通集团（加拿大）/Fortis (Canada),加拿大,37,3,133,62
2012,1551,,企业银行/Corporation Bank,印度,23,3,322,13
2012,1552,,阿德里奇化学/Sigma-Aldrich,美国,25,5,33,89
2012,1553,,希杰公司/CJ,韩国,95,2,130,21
2012,1553,,欧洲通讯卫星公司/Eutelsat Communications,法国,17,5,69,82
2012,1553,,美信集成产品/Maxim Integrated Products,美国,25,5,35,84
2012,1556,,常阳银行/Joyo Bank,日本,18,2,894,35
2012,1557,,彰化银行/Chang Hwa Bank,中国台湾,13,3,513,40
2012,1557,,全球燃料服务公司/World Fuel Services,美国,346,2,37,30
2012,1559,,吉隆坡甲洞/Kuala Lumpur Kepong,马来西亚,34,5,34,81
2012,1560,,ProSiebenSat1媒体/ProSiebenSat1 Media,德国,36,8,64,56
2012,1560,,札幌银行/Sapporo Hokuyo,日本,20,1,888,15
2012,1562,,艾绿卡资源公司/Iluka Resources,澳大利亚,16,6,25,73
2012,1563,,京都银行/Bank of Kyoto,日本,15,2,879,34
2012,1564,,帝国控股/Imperial Holdings,南非,95,4,53,42
2012,1565,,菲律宾群岛银行/Bank Philippine Islands,菲律宾,12,3,199,61
2012,1566,,TNT快递/TNT Express,荷兰,93,-3,58,67
2012,1567,,日本证券/Japan Securities,日本,3,0,854,6
2012,1568,,亚力克/Aggreko,英国,22,4,27,98
2012,1568,,八十二银行/Hachijuni Bank,日本,19,2,759,30
2012,1570,,爱默芬集团/Immofinanz,奥地利,14,5,173,39
2012,1571,,天睿资讯/Teradata,美国,24,4,26,114
2012,1572,,帝人聚碳酸酯/Teijin,日本,98,3,91,33
2012,1573,,联合国民银行/Union National Bank,阿联酋,12,4,225,22
2012,1574,,国际统一电力系统公司/Inter Rao,俄罗斯,26,4,51,112
2012,1574,,OPAP/OPAP,希腊,57,7,20,31
2012,1576,,青岛海尔/Qingdao Haier,中国,92,3,44,49
2012,1577,,达索系统集团/Dassault Systèmes,法国,23,4,46,105
2012,1578,,国际银行/Bankinter,西班牙,35,2,771,30
2012,1578,,合伙再险/PartnerRe,百慕大,54,-5,229,43
2012,1580,,卡里奇银行/Banca Carige,意大利,41,2,532,25
2012,1581,,阿尔法自然资源/Alpha Natural Resources,美国,71,-7,165,38
2012,1582,,广岛银行/Hiroshima Bank,日本,17,2,767,29
2012,1582,,泰尔茂株式会社/Terumo,日本,39,4,50,90
2012,1584,,群马银行/Gunma Bank,日本,17,2,751,26
2012,1584,,卡帕集团/Smurfit Kappa Group,爱尔兰,95,3,107,21
2012,1586,,日本中国银行/Chugoku Bank,日本,16,1,746,31
2012,1586,,凌力尔特科技/Linear Technology,美国,13,5,17,77
2012,1588,,77银行/77 Bank,日本,14,-4,745,17
2012,1589,,伊特伦/D'Ieteren,比利时,77,5,47,26
2012,1590,,皇冠控股/Crown Holdings,美国,86,3,69,56
2012,1590,,欧姆龙/Omron,日本,74,3,63,54
2012,1590,,来爱德/Rite Aid,美国,254,-4,76,18
2012,1593,,风川公司/Windstream,美国,43,2,144,71
2012,1594,,米兰人民银行/Banca Popolare di Milano,意大利,33,1,720,21
2012,1594,,国油贸易有限公司/Petronas Dagangan,马来西亚,77,3,28,60
2012,1596,,王国控股/Kingdom Holding,沙特,7,2,106,121
2012,1597,,日挥株式会社/JGC,日本,54,3,55,77
2012,1597,,蒂芙尼/Tiffany & Co,美国,36,4,42,86
2012,1599,,和记黄埔港口集团/Hutchison Port Holdings,新加坡,12,2,179,67
2012,1600,,美国水利工程/American Water Works,美国,27,3,148,59
2012,1601,,天狼星XM卫星广播公司/Sirius XM Radio,美国,30,4,75,85
2012,1601,,环球健康公司/Universal Health,美国,75,4,77,43
2012,1603,,晓星公司/Hyosung,韩国,98,0,118,20
2012,1603,,万宝盛华/Manpower,美国,220,3,69,37
2012,1603,,山西太钢不锈钢/Shanxi Taigang Stainless,中国,132,2,97,35
2012,1603,,世腾海洋造船公司/STX Offshore,韩国,100,2,117,12
2012,1607,,捷太格特公司/Jtekt,日本,115,2,99,42
2012,1608,,技术数据公司/Tech Data,美国,265,2,58,22
2012,1608,,孚宝公司/Vopak,荷兰,15,5,55,72
2012,1610,,伊予银行/Iyo Bank,日本,13,2,647,29
2012,1611,,TCL集团/TCL Corp,中国,96,2,118,30
2012,1612,,印度中央银行/Central Bank of India,印度,37,3,471,13
2012,1613,,十六银行/Juroku Bank,日本,13,1,639,13
2012,1614,,尤拉吉奥投资集团/Eurazeo,法国,58,-1,208,33
2012,1615,,巴西航空工业公司/Embraer,巴西,57,3,83,56
2012,1616,,西马莱克斯能源公司/Cimarex Energy,美国,18,5,54,70
2012,1617,,意大利移动通信/Italmobiliare,意大利,69,0,161,8
2012,1617,,奥地利大众银行/Volksbank,奥地利,31,1,621,12
2012,1619,,玻利顿公司/Boliden,瑞典,58,5,55,46
2012,1620,,上海实业/Shanghai Industrial,中国香港,16,7,113,36
2012,1621,,阿赫里联合银行/Ahli United Bank,巴林,12,3,283,38
2012,1621,,塞内公司/Cerner,美国,22,3,30,131
2012,1621,,沃特世/Waters,美国,19,4,27,83
2012,1624,,希慎兴业/Hysan Development,中国香港,2,11,76,45
2012,1625,,佩科控股/Pepco Holdings,美国,59,3,149,44
2012,1626,,杰富瑞集团/Jefferies Group,美国,35,3,350,40
2012,1626,,OCI株式会社/OCI Co,韩国,39,7,62,55
2012,1628,,加德集团/Capita Group,英国,46,4,55,73
2012,1628,,网易/Netease.com,中国,11,5,24,72
2012,1630,,必能宝/Pitney Bowes,美国,53,6,81,36
2012,1631,,冀中能源资源/Jizhong Energy Resources,中国,46,4,38,74
2012,1632,,池田泉州控股公司/Senshu Ikeda Holdings,日本,13,1,584,17
2012,1633,,艾弗再险/Everest Re Group,百慕大,47,-1,189,50
2012,1633,,瑞士炼油/Petroplus Holdings,瑞士,230,-1,68,1
2012,1635,,铁姆肯公司/Timken,美国,52,5,44,53
2012,1636,,印尼金融银行/Bank Danamon Indonesia,印尼,24,4,156,46
2012,1637,,加德士澳大利亚/Caltex Australia,澳大利亚,226,-7,45,40
2012,1638,,BPI银行/Banco BPI,葡萄牙,35,-3,558,7
2012,1639,,CFS零售物业信托公司/CFS Retail Property Trust,澳大利亚,8,6,91,51
2012,1639,,第四银行/Daishi Bank,日本,9,1,555,13
2012,1641,,恒安国际集团/Hengan International Group,中国,17,3,24,119
2012,1642,,南都银行/Nanto Bank,日本,11,1,552,14
2012,1643,,阿瑞尔银行/Aareal Bank,德国,15,1,552,13
2012,1644,,福斯公司/Flowserve,美国,45,4,46,64
2012,1644,,越秀地产/Yuexiu Property,中国香港,15,8,97,19
2012,1646,,吉博力/Geberit,瑞士,20,4,22,84
2012,1647,,印度石油公司/Oil India,印度,19,6,48,58
2012,1648,,巴宝莉集团/Burberry Group,英国,24,3,21,108
2012,1649,,滋贺银行/Shiga Bank,日本,11,1,533,16
2012,1650,,康宝莱/Herbalife,开曼群岛,35,4,14,82
2012,1651,,攀枝花新钢钒股份/Panzhihua New Steel & Vanadium Co. Ltd.,中国,65,2,91,62
2012,1652,,以色列贴现银行/Israel Discount Bank,以色列,24,2,523,14
2012,1653,,法兰克福机场/Fraport,德国,33,3,120,60
2012,1653,,百五银行/Hyakugo Bank,日本,10,1,523,12
2012,1655,,怀廷石油/Whiting Petroleum,美国,19,5,60,70
2012,1656,,Salesforce.com/Salesforce.com,美国,23,0,42,207
2012,1657,,东方表/Orient,日本,27,1,514,7
2012,1658,,亚姆黄金公司/Iamgold,加拿大,17,8,44,50
2012,1659,,世嘉森美集团/Sega Sammy Holdings,日本,48,5,55,52
2012,1659,,精工爱普生/Seiko Epson,日本,117,1,96,29
2012,1661,,兰德黄金资源公司/Randgold Resources,海峡群岛,11,4,25,94
2012,1662,,太平洋水泥/Taiheiyo Cement,日本,87,1,118,26
2012,1663,,格拉西姆实业/Grasim Industries,印度,48,5,72,51
2012,1664,,纳斯达克-OMX集团/Nasdaq OMX Group,美国,34,4,141,46
2012,1665,,CC媒体控股/CC Media Holdings,美国,62,-3,165,5
2012,1665,,大垣共立银行/Ogaki Kyoritsu Bank,日本,10,1,505,13
2012,1667,,古河电工/Furukawa Electric,日本,111,1,98,19
2012,1668,,湖南华菱钢铁/Hunan Valin Steel,中国,92,-4,113,14
2012,1669,,希腊石油/Hellenic Petroleum,希腊,121,1,93,21
2012,1669,,京德勒西南钢铁公司/JSW Steel,印度,54,4,103,33
2012,1671,,Petsmart宠物连锁商店/Petsmart,美国,61,3,25,64
2012,1672,,艾兹丹房地产/Ezdan Real Estate,卡塔尔,1,0,88,138
2012,1673,,名古屋铁道/Nagoya Railroad,日本,73,1,137,24
2012,1674,,锦石水泥公司/Semen Gresik,印尼,16,4,17,81
2012,1675,,中国船舶工业集团/China CSSC Holdings,中国,45,4,78,61
2012,1676,,泸州老窖/Luzhou Laojiao,中国,8,3,12,100
2012,1677,,山阴合同银行/San-In Godo Bank,日本,12,1,481,13
2012,1678,,E-Trade金融/E-Trade Financial,美国,24,2,479,32
2012,1679,,阿波罗集团/Apollo Group,美国,46,5,30,54
2012,1680,,肥后银行 /Higo Bank,日本,9,1,474,14
2012,1681,,斗山工程机械/Doosan Infracore,韩国,76,3,104,35
2012,1681,,J.阵线零售/J Front Retailing,日本,116,1,94,27
2012,1681,,信心钢铁/Reliance Steel,美国,81,3,56,43
2012,1684,,宏电脑/Acer,中国台湾,162,-2,78,38
2012,1684,,马鞍山钢铁/Maanshan Iron & Steel,中国,96,2,106,30
2012,1686,,源讯公司/Atos,法国,88,2,91,48
2012,1686,,日德兰银行/Jyske Bank,丹麦,16,1,472,24
2012,1686,,和硕联合科技/Pegatron,中国台湾,182,2,74,33
2012,1689,,阿美科/AMEC,英国,51,4,37,61
2012,1689,,布洛姆银行/Blom Bank,黎巴嫩,14,3,224,17
2012,1691,,明治控股/Meiji Holdings,日本,134,1,86,33
2012,1692,,百十四银行/Hyakujushi Bank,日本,8,1,464,15
2012,1693,,加拿大航空公司/Air Canada,加拿大,114,-3,95,3
2012,1693,,汉森房地产/Hammerson,英国,6,5,97,48
2012,1695,,韩泰轮胎/Hankook Tire,韩国,59,3,64,58
2012,1695,,百利高/Perrigo,美国,30,3,39,95
2012,1695,,高岛屋/Takashimaya,日本,106,2,98,26
2012,1698,,国美电器/GOME Electrical,中国,77,3,55,50
2012,1698,,哈得森城市银行/Hudson City Bancorp,美国,23,-7,454,40
2012,1700,,阳泉煤业/Yang Quan Coal Industry,中国,42,4,33,73
2012,1701,,纪阳控股/Kiyo Holdings,日本,10,1,452,11
2012,1701,,Rock-Tenn /Rock-Tenn,美国,69,2,106,48
2012,1703,,Pinnacle West/Pinnacle West,美国,32,3,131,51
2012,1703,,提姆荷顿/Tim Hortons,加拿大,28,4,22,84
2012,1705,,龙源电力集团/China Longyuan Power,中国,22,3,113,65
2012,1706,,瓦里安医疗系统公司/Varian Medical Systems,美国,26,4,26,80
2012,1707,,万浦集团/Banpu,泰国,36,6,71,54
2012,1708,,狄乐百货/Dillard's,美国,64,5,43,34
2012,1709,,武藏野银行/Musashino Bank,日本,10,1,444,12
2012,1710,,德国工业银行/IKB Deutsche,德国,30,1,443,4
2012,1711,,马芬大众银行/Marfin Popular Bank,塞浦路斯,13,-43,442,6
2012,1712,,阿沃伊蒂斯股票风险投资公司/Aboitiz Equity Ventures,菲律宾,17,5,40,64
2012,1712,,大众联合金融公司/People's United Financial,美国,14,2,276,48
2012,1714,,CP All/CP All,泰国,49,3,18,95
2012,1715,,边疆通信/Frontier Communications,美国,52,1,175,43
2012,1715,,传统石油公司/Heritage Oil,海峡群岛,0,12,13,7
2012,1717,,东急地产/Tokyu Land,日本,69,1,138,27
2012,1718,,埃雷利钢铁/Erdemir,土耳其,47,5,70,48
2012,1719,,北陆电力/Hokuriku Electric Power,日本,59,2,162,40
2012,1720,,京叶银行/Keiyo Bank,日本,9,1,429,14
2012,1721,,阪和/Hanwa,日本,168,1,64,9
2012,1721,,托尔控股/Toll Holdings,澳大利亚,88,3,61,44
2012,1723,,萨维地产 /Sacyr Vallehermoso,西班牙,51,-21,206,14
2012,1724,,昆士兰银行/Bank of Queensland,澳大利亚,30,2,427,17
2012,1724,,波德沃克房地产/Boardwalk Real Estate,加拿大,4,12,50,29
2012,1724,,大林工业/Daelim Industrial,韩国,69,3,93,36
2012,1724,,麦特卡什/Metcash,澳大利亚,136,3,42,33
2012,1724,,沙特矿业/Saudi Arabian Mining,沙特,4,1,116,86
2012,1729,,中国虹桥集团/China Hongqiao Group,中国,38,9,47,44
2012,1730,,鹿儿岛银行/Kagoshima Bank,日本,10,1,421,14
2012,1731,,斯克利普斯网络互动/Scripps Networks,美国,21,4,40,74
2012,1732,,永丰金融控股/SinoPac Financial Holdings,中国台湾,11,2,421,27
2012,1733,,亚力兄制药/Alexion Pharmaceuticals,美国,8,2,14,166
2012,1734,,台湾中小企业银行/Taiwan Business Bank,中国台湾,8,1,416,15
2012,1735,,阿美特克公司/Ametek,美国,30,4,43,78
2012,1735,,新田勘探公司/Newfield Exploration,美国,25,5,90,49
2012,1737,,巴斯勒堪通银行/Basler Kantonalbank,瑞士,11,2,413,38
2012,1737,,玉米制品国际公司/Corn Products International,美国,62,4,53,43
2012,1737,,新月角能源公司/Crescent Point Energy,加拿大,17,2,86,129
2012,1740,,希腊农业银行/ATEbank,希腊,16,-6,413,6
2012,1740,,贾普拉卡施联合公司/Jaiprakash Associates,印度,25,4,153,33
2012,1742,,InTouch/InTouch,泰国,3,5,17,61
2012,1743,,埃米利亚诺信托公司/Credito Emiliano,意大利,19,1,411,17
2012,1744,,印度海外银行/Indian Overseas Bank,印度,30,2,401,12
2012,1744,,骏河银行/Suruga Bank,日本,12,0,406,25
2012,1744,,澳洲收费公路集团/Transurban Group,澳大利亚,9,1,111,88
2012,1744,,全美航空集团/US Airways Group,美国,131,1,83,12
2012,1748,,西班牙证券交易所集团/Bolsas & Mercados,西班牙,4,2,406,22
2012,1749,,威尔集团/Weir Group,英国,36,5,44,67
2012,1750,,瑞典火柴/Swedish Match,瑞典,17,4,21,81
2012,1751,,雨果・波士/Hugo Boss,德国,29,4,19,75
2012,1752,,长城科技/Great Wall Technology,中国,159,1,64,3
2012,1752,,内蒙伊利集团/Inner Mongolia Yili,中国,60,3,32,61
2012,1752,,洲际酒店集团/InterContinental Hotels,英国,17,4,29,68
2012,1752,,远洋地产控股公司/Sino-Ocean Land Holdings,中国,31,4,150,30
2012,1756,,巴瓦房地产/Barwa Real Estate,卡塔尔,8,3,181,31
2012,1756,,北国银行/Hokkoku Bank,日本,8,1,396,13
2012,1758,,BOK金融/BOK Financial,美国,14,3,255,39
2012,1758,,埃尔多拉多黄金/Eldorado Gold,加拿大,11,3,40,96
2012,1760,,房屋零售集团/Home Retail Group,英国,95,3,67,15
2012,1761,,大正制药/Taisho Pharmaceutical,日本,32,4,74,69
2012,1762,,雷蒙詹姆斯金融公司/Raymond James Financial,美国,34,3,179,51
2012,1763,,东邦银行/Toho Bank,日本,7,1,392,9
2012,1764,,沙特克耶邦石化公司/Saudi Kayan Petrochemical,沙特,6,-1,124,75
2012,1764,,韦莱集团控股/Willis Group Holdings,英国,34,2,157,62
2012,1766,,三星电机/Samsung Electro-Mechanics,韩国,52,3,63,65
2012,1767,,阿科玛公司/Arkema,法国,82,0,69,57
2012,1767,,光大证券/Everbright Securities,中国,8,3,90,69
2012,1767,,黑尔梅里希与佩恩公司/Helmerich & Payne,美国,27,5,53,64
2012,1767,,电力连线公司/Interconexion Electrica,哥伦比亚,19,2,138,69
2012,1771,,桑德里奥人民银行 /Banca Popolare di Sondrio,意大利,15,1,379,24
2012,1772,,Misys/Misys,英国,6,11,12,18
2012,1773,,米拉特和银行/Mizrahi Tefahot Bank,以色列,15,2,375,20
2012,1774,,安得拉邦银行/Andhra Bank,印度,21,3,244,14
2012,1774,,北京控股/Beijing Enterprises,中国香港,36,3,85,72
2012,1774,,洛加斯美洲公司/Lojas Americanas,巴西,61,2,51,71
2012,1777,,INA工业公司/INA-Industrija Nafte,克罗地亚,52,3,52,63
2012,1778,,普众/Popular,美国,25,2,373,23
2012,1779,,华宇汽车/Huayu Automotive,中国,67,4,54,42
2012,1779,,亨斯迈/Huntsman,美国,112,2,87,33
2012,1781,,玉山金融/E.Sun Financial,中国台湾,8,1,372,26
2012,1782,,金隅股份/BBMG,中国,33,4,92,55
2012,1782,,现代海上火灾保险公司/Hyundai Marine & Fire,韩国,70,1,122,26
2012,1784,,芙蓉综合租赁/Fuyo General Lease,日本,49,2,199,11
2012,1785,,信贷银行/Credito Valtellinese,意大利,11,1,369,8
2012,1786,,联合发展/United Development,卡塔尔,5,10,52,17
2012,1787,,邓迪公司/Dundee,加拿大,6,10,37,13
2012,1788,,PVH公司/PVH,美国,58,3,69,60
2012,1788,,印度合众银行/UCO Bank,印度,28,2,366,10
2012,1790,,名古屋银行/Bank of Nagoya,日本,8,0,364,7
2012,1791,,中国船舶工业公司/China Shipbuilding Industry,中国,31,2,67,148
2012,1792,,东方乐园/Oriental Land,日本,43,3,69,94
2012,1793,,罗文公司/Rowan Cos,美国,9,7,66,46
2012,1793,,萨福拉集团/Savola Group,沙特,67,3,54,47
2012,1793,,深圳华侨城/Shenzhen Overseas,中国,25,5,73,63
2012,1796,,BAM皇家集团/Royal BAM Group,荷兰,100,2,92,12
2012,1797,,印度企业联合银行/Syndicate Bank,印度,28,2,351,13
2012,1798,,特拉维斯珀金斯公司/Travis Perkins,英国,74,3,65,43
2012,1799,,第一马布尔黑德公司/First Marblehead,美国,3,10,8,1
2012,1799,,东洋制罐/Toyo Seikan Kaisha,日本,85,-1,101,32
2012,1801,,劳森公司/Lawson,日本,54,3,56,59
2012,1802,,LS公司/LS Corp,韩国,112,1,86,25
2012,1803,,BMC软件公司/BMC Software,美国,22,5,41,63
2012,1803,,萨拉斯集团/Saras,意大利,143,1,54,12
2012,1805,,河南双汇投资发展公司/Henan Shuanghui Investment,中国,60,1,12,70
2012,1806,,锦湖石油化学公司/Kumho Petro Chemical,韩国,58,5,41,35
2012,1807,,Jaccs信用卡/Jaccs,日本,14,1,336,6
2012,1808,,迪拜伊斯兰银行/Dubai Islamic Bank,阿联酋,14,3,247,23
2012,1808,,怪物饮料公司/Monster Beverage,美国,17,3,14,104
2012,1810,,霍斯肯综合公司/Hosken Consolidated,南非,9,9,23,14
2012,1810,,俄罗斯极地黄金公司 /Polyus Gold,俄罗斯,17,3,40,84
2012,1810,,TMK公司/TMK,俄罗斯,68,4,69,30
2012,1813,,辛辛纳提金融/Cincinnati Financial,美国,38,2,157,58
2012,1814,,阿波银行/Awa Bank,日本,8,1,332,14
2012,1815,,内蒙古包头钢铁集团/Inner Mongolia Baotou Steel,中国,68,1,79,58
2012,1816,,海克斯康集团/Hexagon,瑞典,28,4,68,70
2012,1816,,三星卡业/Samsung Card,韩国,28,3,140,46
2012,1818,,SOHO中国/Soho China Ltd.,中国,9,6,93,37
2012,1818,,山梨中央银行/Yamanashi Chuo Bank,日本,6,0,329,8
2012,1820,,大分银行/Oita Bank,日本,7,1,329,5
2012,1821,,爱知银行/Aichi Bank,日本,6,1,328,7
2012,1822,,第一尼亚加拉金融/First Niagara Financial,美国,13,2,328,36
2012,1822,,永亨银行 /Wing Hang Bank,中国香港,8,3,241,29
2012,1824,,伊纳燃气/Enagas,西班牙,14,5,100,45
2012,1824,,波哥大能源公司/Energía de Bogotá,哥伦比亚,5,6,62,51
2012,1826,,微芯科技/Microchip Technology,美国,14,4,30,70
2012,1827,,堪萨斯城南部公司/Kansas City Southern,美国,21,3,62,82
2012,1828,,山崎面包/Yamazaki Baking,日本,121,1,79,30
2012,1829,,迪克森零售/Dixons Retail,英国,136,-4,57,10
2012,1830,,阿利兹塔公司/Aryzta,瑞士,63,3,72,45
2012,1830,,马斯喀特银行/Bank Muscat,阿曼,10,3,187,30
2012,1832,,巴德保健/CR Bard,美国,29,3,39,82
2012,1833,,西武信托/Credit Saison,日本,41,2,265,39
2012,1833,,Level 3通信公司/Level 3 Communications,美国,43,-8,132,55
2012,1835,,岩手银行/Bank of Iwate,日本,5,0,312,8
2012,1835,,伊里亚特公司/Iliad,法国,30,4,50,76
2012,1837,,古德曼集团/Goodman Group,澳大利亚,8,4,81,59
2012,1838,,米德维实伟克公司/MeadWestvaco,美国,61,2,88,53
2012,1838,,泰国酿酒/Thai Beverage,泰国,42,4,32,61
2012,1840,,美国股票投资公司/American Equity Investment,美国,11,1,309,8
2012,1841,,四国银行/Shikoku Bank,日本,6,0,306,8
2012,1842,,世邦魏理仕集团/CBRE Group,美国,59,2,72,68
2012,1842,,东京都民银行/Tokyo Tomin Bank,日本,6,0,305,5
2012,1844,,CAP公司/CAP,智利,26,4,49,65
2012,1845,,富士电机控股/Fuji Electric Holdings,日本,83,2,97,19
2012,1846,,盈透证券集团/Interactive Brokers Group,美国,14,1,304,8
2012,1847,,龙油公司/Dragon Oil,阿联酋,11,6,34,49
2012,1848,,迪安食品/Dean Foods,美国,131,-16,58,22
2012,1849,,苏萨诺浆纸公司/Suzano Papel e Celulose,巴西,27,5,114,21
2012,1850,,邦邹纸业/Bunzl,英国,79,2,42,52
2012,1850,,韩进海运有限公司/Hanjin Shipping,韩国,82,-7,97,19
2012,1850,,SAIC公司/SAIC,美国,106,1,67,45
2012,1853,,日铁商事/Nippon Steel Trading,日本,130,1,40,4
2012,1854,,劳伦特银行/Laurentian Bank,加拿大,13,1,298,11
2012,1855,,英业达/Inventec,中国台湾,129,1,44,16
2012,1856,,味好美公司/McCormick & Co,美国,37,4,41,69
2012,1857,,上海物资贸易公司/Shanghai Material Trading,中国,128,0,15,4
2012,1858,,当纳利公司/RR Donnelley & Sons,美国,106,-1,83,23
2012,1858,,包钢稀土/Inner Mongolia Rare-Earth,中国,8,1,13,132
2012,1860,,首都银行及信托公司/Metropolitan Bank & Trust,菲律宾,15,3,217,44
2012,1861,,秋田银行/Akita Bank,日本,6,0,295,6
2012,1861,,科莱恩公司/Clariant,瑞士,79,2,95,41
2012,1861,,东邦控股/Toho Holdings,日本,127,1,62,13
2012,1864,,FMC公司/FMC,美国,34,4,37,70
2012,1865,,枥木银行/Tochigi Bank,日本,6,1,294,4
2012,1866,,K's控股/K's Holdings,日本,93,3,37,18
2012,1867,,BEKB-BCBE/BEKB-BCBE,瑞士,6,1,294,26
2012,1868,,第一集团/FirstGroup,英国,103,2,84,22
2012,1868,,HCL科技公司/HCL Technologies,印度,35,4,33,69
2012,1868,,诺基亚轮胎公司/Nokian Tyres,芬兰,19,4,24,64
2012,1871,,迪亚公司/DIA,西班牙,127,1,42,33
2012,1872,,华润水泥/China Resources Cement,中国香港,30,5,65,51
2012,1873,,阿布扎比伊斯兰银行/Abu Dhabi Islamic Bank,阿联酋,12,3,202,22
2012,1874,,卢赛恩坎通纳银行/Luzerner Kantonalbank,瑞士,8,2,287,29
2012,1875,,第十八银行/Eighteenth Bank,日本,6,1,287,6
2012,1876,,墨西哥烧烤餐厅/Chipotle Mexican Grill,美国,23,2,14,128
2012,1877,,建兴电子科技/Lite-On Technology,中国台湾,79,3,66,29
2012,1878,,安德里茨公司/Andritz,奥地利,60,3,58,50
2012,1878,,安飞士/Avis Budget Group,美国,59,0,129,15
2012,1878,,瓦伦西亚银行/Banco de Valencia,西班牙,12,-11,284,2
2012,1878,,奇美拉投资/Chimera Investment,美国,9,5,97,30
2012,1878,,DCC集团/DCC,爱尔兰,123,2,44,21
2012,1883,,凯斯科公司/Kesko,芬兰,123,2,54,32
2012,1883,,厦门建发/Xiamen C&D,中国,100,3,62,28
2012,1885,,FIBI控股/FIBI Holding,以色列,12,0,284,3
2012,1886,,Thanachart资本/Thanachart Capital,泰国,21,2,284,13
2012,1887,,库伯国际能源公司/Cobalt International Energy,美国,0,-1,25,127
2012,1887,,Symetra金融集团/Symetra Financial,美国,20,2,282,14
2012,1889,,欧特克/Autodesk,美国,22,3,32,92
2012,1889,,诺维信/Novozymes,丹麦,18,3,24,79
2012,1889,,圣加勒坎通纳银行/St Galler Kantonalbank,瑞士,8,1,279,23
2012,1892,,青森银行/Aomori Bank,日本,5,0,279,6
2012,1892,,希腊电信/Hellenic Telecom,希腊,65,2,115,18
2012,1892,,LG国际/LG International,韩国,121,2,43,19
2012,1895,,CGI集团公司/CGI Group,加拿大,41,4,45,56
2012,1896,,DVB银行/DVB Bank,德国,11,0,278,14
2012,1896,,奇华顿/Givaudan,瑞士,42,3,71,86
2012,1898,,非洲彩虹公司/African Rainbow,南非,22,5,48,53
2012,1898,,布米资源/Bumi Resources,印尼,44,3,88,54
2012,1900,,马尼拉电力/Manila Electric,菲律宾,56,2,41,68
2012,1901,,日本火腿/Nippon Meat Packers,日本,119,2,69,27
2012,1902,,健康网/Health Net,美国,119,1,36,32
2012,1902,,恩智浦半导体/NXP Semiconductors,荷兰,39,4,66,66
2012,1904,,安巴克金融集团/Ambac Financial Group,美国,6,-11,276,0
2012,1904,,海南航空公司/Hainan Airlines,中国,32,5,109,32
2012,1904,,乐爱金财产保险/LIG Insurance,韩国,68,1,110,13
2012,1907,,中心人民银行/Banque Centrale Populaire,摩洛哥,18,2,276,37
2012,1908,,丰田纺织/Toyota Boshoku,日本,118,1,59,23
2012,1909,,ARM控股/ARM Holdings,英国,8,2,19,123
2012,1909,,韩华化学/Hanwha Chemical,韩国,72,2,102,34
2012,1909,,PDG集团/PDG Group,巴西,32,5,92,44
2012,1912,,甘乃特/Gannett,美国,52,5,66,36
2012,1913,,星座品牌公司/Constellation Brands,美国,27,6,72,45
2012,1914,,阿斯潘制药控股/Aspen Pharmacare Holdings,南非,18,4,39,64
2012,1915,,Incitec Pivot/Incitec Pivot,澳大利亚,38,4,68,57
2012,1916,,韩进海运控股公司/Hanjin Shipping,韩国,86,1,90,3
2012,1917,,西诺乌斯金融/Synovus Financial,美国,15,-1,272,16
2012,1918,,锦湖工业/Kumho Industrial,韩国,68,1,107,7
2012,1919,,北越银行/Hokuetsu Bank,日本,6,1,271,5
2012,1920,,DGB金融集团/DGB Financial Group,韩国,12,2,270,20
2012,1920,,多哈银行/Doha Bank,卡塔尔,8,3,144,34
2012,1922,,联盟数据系统公司/Alliance Data Systems,美国,32,3,90,62
2012,1923,,香格里拉（亚洲）/Shangri-La Asia,中国香港,16,3,85,74
2012,1923,,英勇控股/Valiant Holding,瑞士,7,1,270,19
2012,1925,,千叶兴业银行/Chiba Kogyo Bank,日本,6,1,269,3
2012,1926,,美国城市债券保险公司/MBIA,美国,0,-13,269,19
2012,1927,,住友重工/Sumitomo Heavy Industries,日本,66,3,75,35
2012,1928,,博思格钢铁公司/Bluescope Steel,澳大利亚,98,-11,82,15
2012,1929,,哈特拉斯金融公司/Hatteras Financial,美国,4,3,186,22
2012,1929,,丹麦南方银行/Sydbank,丹麦,10,0,268,14
2012,1931,,挑战者有限公司/Challenger Ltd,澳大利亚,15,3,191,21
2012,1932,,潘世奇汽车集团/Penske Automotive,美国,116,2,45,22
2012,1933,,Fidea控股/Fidea Holdings,日本,6,0,265,4
2012,1933,,金科房地产公司/Kimco Realty,美国,9,2,96,80
2012,1935,,雅宝公司/Albemarle,美国,29,4,32,57
2012,1935,,洁定公司/Getinge,瑞典,32,4,60,66
2012,1937,,康乐保公司/Coloplast,丹麦,18,3,16,73
2012,1937,,华生制药/Watson Pharmaceuticals,美国,46,3,67,75
2012,1939,,欧迪办公/Office Depot,美国,115,1,43,10
2012,1939,,索纳伊公司/Sonae,葡萄牙,74,2,97,12
2012,1941,,皇冠有限公司/Crown Ltd,澳大利亚,26,4,53,67
2012,1941,,LG Uplus/LG Uplus,韩国,79,1,93,30
2012,1943,,绿山咖啡/Green Mountain Coffee,美国,32,3,32,80
2012,1944,,尼尔网/Nelnet,美国,10,2,259,13
2012,1944,,大联大投资控股/WPG Holdings,中国台湾,113,2,40,23
2012,1946,,福井银行/Fukui Bank,日本,6,1,256,8
2012,1946,,尼日利亚联合银行/Union Bank of Nigeria,尼日利亚,7,7,61,4
2012,1948,,Groupon/Groupon,美国,16,-3,18,115
2012,1948,,维斯塔斯风力系统公司/Vestas Wind Systems,丹麦,76,-2,96,23
2012,1950,,F5 Networks公司/F5 Networks,美国,12,3,17,104
2012,1951,,兼松公司/Kanematsu,日本,113,1,45,5
2012,1952,,博报堂/Hakuhodo DY,日本,113,1,56,24
2012,1953,,Airgas/Airgas,美国,46,3,52,65
2012,1954,,保利协鑫能源控股/GCL-Poly Energy Holdings,中国香港,33,5,71,47
2012,1955,,三商行/Mercuries & Associates,中国台湾,48,0,160,7
2012,1956,,筑波银行/Tsukuba Bank,日本,6,0,250,3
2012,1957,,大荣公司/Daiei,日本,112,-1,48,7
2012,1958,,日本板硝子公司/Nippon Sheet Glass,日本,69,0,100,14
2012,1959,,以色列电信/Bezeq-Israeli Telecom,以色列,32,6,45,46
2012,1959,,八千代银行/Yachiyo Bank,日本,5,1,249,4
2012,1961,,信念保健/Tenet Healthcare,美国,89,1,85,23
2012,1962,,宫崎银行/Miyazaki Bank,日本,5,1,249,5
2012,1963,,金地集团/Gemdale,中国,30,4,110,41
2012,1964,,先驱集团/Harbinger Group,美国,38,1,240,7
2012,1964,,可乐丽/Kuraray,日本,44,3,61,56
2012,1966,,BDO Unibank/BDO Unibank,菲律宾,16,2,227,42
2012,1966,,德拉克斯集团/Drax Group,英国,29,7,31,30
2012,1966,,第一地平线全国公司/First Horizon National,美国,16,1,248,27
2012,1966,,冠捷科技/TPV Technology,中国香港,111,1,52,7
2012,1970,,合和实业/Hopewell Holdings,中国香港,2,7,47,25
2012,1970,,山形银行/Yamagata Bank,日本,5,0,246,8
2012,1972,,佐贺银行/Bank of Saga,日本,5,0,246,5
2012,1973,,EDION集团/Edion,日本,108,2,48,7
2012,1974,,奥地利电信/Telekom Austria,奥地利,58,-3,93,49
2012,1975,,歌鸟地产/Songbird Estates,英国,6,5,96,14
2012,1976,,三爱石油/San-Ai Oil,日本,107,1,23,4
2012,1977,,Fossil/Fossil,美国,26,3,16,79
2012,1978,,JSW集团/JSW Group,波兰,32,7,40,38
2012,1979,,旧共和国国际公司/Old Republic International,美国,46,-1,160,28
2012,1980,,OGE能源公司/OGE Energy,美国,39,3,89,52
2012,1980,,山东黄金/Shandong Gold-Mining,中国,48,2,14,76
2012,1982,,中国中材股份有限公司/China National Materials,中国,67,2,101,15
2012,1982,,弗里斯科矿业/Minera Frisco,墨西哥,6,0,17,110
2012,1982,,东曹公司/Tosoh,日本,82,1,87,18
2012,1985,,商业银行股份公司/Commerce Bancshares,美国,11,3,206,36
2012,1985,,大日本油墨化学公司/DIC,日本,94,2,80,19
2012,1985,,上海建工/Shanghai Construction,中国,105,1,74,19
2012,1988,,兰雄/Van Lanschot,荷兰,18,1,239,9
2012,1989,,越南工贸股份银行/Vietin Bank,越南,28,2,219,24
2012,1990,,新濠博亚娱乐/Melco Crown Entertainment,中国香港,38,3,63,76
2012,1991,,LLB集团/LLB Group,列支敦士登,7,1,238,13
2012,1992,,华锐风电科技集团/Sinovel Wind Group,中国,31,4,43,54
2012,1993,,城市国家银行 /City National,美国,12,2,237,29
2012,1993,,鲍尔公司/Pall,美国,29,3,32,70
2012,1995,,拜瓦/BayWa,德国,106,1,42,13
2012,1995,,马士礼格银行/Mashreqbank,阿联酋,17,2,216,42
2012,1997,,埃萨石油/Essar Oil,印度,105,1,73,15
2012,1997,,扬子江船业/Yangzijiang Shipbuilding,中国,25,6,53,42
2012,1999,,梅地亚赛特公司/Mediaset,意大利,55,3,96,35
2012,2000,,雷杰纳荣制药/Regeneron Pharmaceuticals,美国,4,-2,13,108
